element,global,contexts,in:newsItem,in:packageItem,in:planningItem,in:conceptItem,in:knowledgeItem,in:catalogItem,in:newsMessage,@accesstype,@accesstypeuri,@additionalInfo,@alias,@altitude,@approxend,@approxstart,@aspect,@aspecturi,@audiobitrate,@audiochannels,@audiochannelsuri,@audiocodec,@audiocodecuri,@audiosamplerate,@audiosamplesize,@audiovbr,@authority,@byday,@byhour,@byminute,@bymonth,@bymonthday,@bysecond,@bysetpos,@byweekno,@byyearday,@charcount,@chnlid,@class,@colourdepth,@colourindicator,@colourindicatoruri,@colourspace,@colourspaceuri,@concepttype,@confidence,@confirmationstatus,@confirmationstatusuri,@conformance,@contentrefs,@contenttype,@contenttypestandardversion,@contenttypevariant,@contenttypevariantstandardversion,@count,@coversfrom,@coversto,@created,@creator,@creatoruri,@custom,@derivedfrom,@dir,@duration,@durationunit,@durationunituri,@encoding,@encodinguri,@enctype,@end,@environment,@environmenturi,@format,@formatstandardversion,@formaturi,@freq,@g2flag,@generated,@generator,@gpsdatum,@guid,@guidref,@hascontent,@hashtype,@hashtypeuri,@height,@heightunit,@heightunituri,@how,@howuri,@href,@hreflang,@hreftype,@id,@idformat,@idformaturi,@idref,@idrefs,@interactions,@interactiontype,@interactiontypeuri,@interval,@jobtitle,@jobtitleuri,@langid,@language,@latitude,@layoutorientation,@layoutorientationuri,@linecount,@literal,@longitude,@market,@marketlabel,@marketlabelsrc,@marketlabelsrcuri,@marketuri,@media,@mode,@modeuri,@modified,@orientation,@original,@pagecount,@part,@partid,@parturi,@persistidref,@preferredalias,@pubconstraint,@pubconstrainturi,@qcode,@radius,@radunit,@radunituri,@rangefrom,@rangeto,@rank,@raters,@ratertype,@ratertypeuri,@ratingtype,@ratingtypeuri,@rel,@relevance,@reluri,@rendition,@renditionref,@renditionrefuri,@renditionuri,@reposrole,@reposroleuri,@representation,@representationuri,@residref,@residrefformat,@residrefformaturi,@resolution,@retired,@rev,@role,@roleruri,@roleuri,@root,@scalemax,@scalemin,@scaleunit,@scaleunituri,@schemecreated,@schememodified,@schemeretired,@scope,@scopeuri,@separator,@seq,@severity,@severityuri,@significance,@size,@sourceidref,@standard,@standardversion,@start,@symbol,@symbolsrc,@symbolsrcuri,@tag,@target,@targeturi,@tech,@techuri,@timestamp,@timeunit,@timeunituri,@title,@type,@typeuri,@until,@uri,@url,@valcalctype,@valcalctypeuri,@validfrom,@validto,@value,@valuedatatype,@valueunit,@valueunituri,@version,@versioninfo,@videoaspectratio,@videoavgbitrate,@videocodec,@videocodecuri,@videodefinition,@videodefinitionuri,@videoframerate,@videosampling,@videoscaling,@videoscalinguri,@videoscan,@videovbr,@why,@whyuri,@width,@widthunit,@widthunituri,@wkst,@wordcount,@x,@y
nar:POIDetails,Y,1,Y,Y,Y,Y,Y,Y,N,,,,,,,,,,,,,,,,,,,,,,,,,,,,,,,,,,,,,,,,,,,,,,,,,,o,o,o,,,,,,,,,,,,,,,,,,,,,,,,,,,,o,o,,,,o,,,,,,,,,,,,,,,,,,,,,,,,,,,o,,,,,,,,,o,o,,,,,,,,,,,,,,,,,,,,,,,,,,,,,,,,,,,,,,,,,,,,,,,,,,,,,,,,,,,,,,,,,,,,,,,,,,,,,,,,,,,,,,,,,,,,o,o,,,,,,,
nar:a,Y,1,Y,Y,Y,Y,Y,Y,Y,,,,,,,,,,,,,,,,,,,,,,,,,,,,,,o,,,,,,,,,,,,,,,,,,,,o,o,o,,o,,,,,,,,,,,,,,,,,,,,,,,,,,o,o,o,o,,o,,,,,,,,,,,,,,,,,,,,,,,,,,,o,,,,,,,,,o,o,,,,,,,,,,,,,o,,,,,,,,,,,,,,,,o,,,,,,,,,,,,,,,,,,,,,,,,,,,,,,,,,,,,,,,,,,,,,,,,,,,,,,,,,,,,,,,o,o,,,,,,,
nar:access,N,1,Y,Y,Y,Y,Y,Y,N,,,,,,,,,,,,,,,,,,,,,,,,,,,,,,,,,,,,,,,,,,,,,,,,,,o,o,o,,o,,,,,,,,,,,,,,,,,,,,,,,,,,o,o,,,,o,,,,,,,,,,,,,,,,,,,,,,,,o,,,o,,,,,,,,,o,o,,,,,,,,,,,,,,,,,,,,,,,,,,,,,,o,,o,,,,,,,,,,,,,,,,,,,,,,,,,,,,,,,,,,,,,,,,,,,,,,,,,,,,,,,,,,,,o,o,,,,,,,
nar:accessStatus,N,1,N,N,N,Y,Y,N,N,,,,,,,,,,,,,,,,,,,,,,,,,,,,,,,,,,,,,,,,,,,,,,,,,,o,o,o,,o,,,,,,,,,,,,,,,,,,,,,,,,,,o,o,,,,o,,,,,,,,,,,,,,,,,,,,,,,,,,,o,,,,,,,,,o,o,o,,,,,,,,,,,,,,,,,,,,,,,,,,,,,,,,,,,,,,,,,,,,,,,,,,,,,,,,,,,,,,,,,,,o,,,,,,,,,,,,,,,,,,,,,,,,o,o,,,,,,,
nar:accountable,Y,1,Y,Y,Y,Y,Y,Y,N,,,,,,,,,,,,,,,,,,,,,,,,,,,,,,,,,,,,,,,,,,,,,,,,,,o,o,o,,o,,,,,,,,,,,,,,,,,,,,,,,,,,o,o,,,,o,,,,,,,,,,,,,,,,,o,,,,,,,,,,o,,,,,,,,,o,o,o,,,,,,,,,,,,,,,,,,,,,,,,,,,,,,,,,,,,,,,,,,,,,,,,,,,,,,,,,,,,,,,,o,o,,o,,,,,,,,,,,,,,,,,,,,,,,,o,o,,,,,,,
nar:action,N,1,Y,Y,Y,Y,Y,Y,N,,,,,,,,,,,,,,,,,,,,,,,,,,,,,,,,,,,,,,,,,,,,,,,,,,o,o,o,,o,,,,,,,,,,,,,,,,,,,,,,,,,,o,o,,,,o,,,,,,,,,,,,,,,,,,,,,,,,,,,o,,,,,,,,,o,o,o,,,,,,,,,,,,,,,,,,,,,,,,,,,,,,,,,,,,,,,,,,,,,,,,,,,,,,,,o,o,,,o,,,,,,,o,,,,,,,,,,,,,,,,,,,,,,,,o,o,,,,,,,
nar:address,N,2,Y,Y,Y,Y,Y,Y,N,,,,,,,,,,,,,,,,,,,,,,,,,,,,,,,,,,,,,,,,,,,,,,,,,,o,o,o,,,,,,,,,,,,,,,,,,,,,,,,,,,,o,o,,,,o,,,,,,,,,,,,,,,,,,,,,,,,,,,o,,,,,,,,,o,o,,,,,,,,,,,,,,,,,,,,,,,,,,,,,,o,,o,,,,,,,,,,,,,,,,,,,,,,,,,,,,,,,,,,,,,,,,,,,,,,,,,,,,,,,,,,,,o,o,,,,,,,
nar:affiliation,N,2,Y,Y,Y,Y,Y,Y,N,,,,,,,,,,,,,,,,,,,,,,,,,,,,,,,,,,,,,,,,,,,,,,,,,,o,o,o,,o,,,,,,,,,,,,,,,,,,,,,,,,,,o,o,,,,o,,,,,,,,,,,,,,,,,o,,,,,,,,,,o,,,,,,,,,o,o,o,,,,,,,,,,,,,,,,,,,,,,,,,,,,,o,,o,,,,,,,,,,,,,,,,,,,,,,,,,,,,,,,,,o,o,,o,,,,o,o,,,,,,,,,,,,,,,,,,,o,o,,,,,,,
nar:altId,Y,1,Y,Y,Y,Y,Y,Y,N,,,,,,,,,,,,,,,,,,,,,,,,,,,,,,,,,,,,,,,,,,,,,,,,,,o,o,o,,o,,,,,,,,o,o,,,,,,,,,,,,,,,,,o,o,,,,o,o,o,,,,,,,,,,,,,,,,,,,,,,,,,o,,,,,,,,,o,o,,,,,,,,,,,,,,,,,,,,,,,,,,,,,,o,,o,,,,,,,,,,,,,,,,,,,,,,,,,,,,,,,,,o,o,,,,,,,,,,,,o,,,,,,,,,,,,,,o,o,,,,,,,
nar:altLoc,Y,1,Y,N,N,N,N,N,N,,,,,,,,,,,,,,,,,,,,,,,,,,,,,,,,,,,,,,,,,,,,,,,,,,o,o,o,,,,,,,,,,,,,,,,,,,,,,,,,,,,o,o,,,,o,,,,,,,,,,,,,,,,,,,,,,,,,,,o,,,,,,,,,o,o,,,,,,,,,,,,,,,,,,,,,,,,,,,,,,o,o,,,,,,,,,,,,,,,,,,,,,,,,,,,,,,,,,,o,o,,,,,,,,,,,,,,,,,,,,,,,,,,o,o,,,,,,,
nar:altRep,Y,1,Y,Y,Y,Y,Y,Y,N,,,,,,,,,,,,,,,,,,,,,,,,,,,,,,,,,,,,,,,,,,o,o,o,o,,,,,o,o,o,,,,,,,,,,,,o,o,o,,,,,,,,,,,,,,o,o,,,,o,,,,,,,,,,,,,,,,,,,,,,,,,,,o,,,,,,,,,o,o,,,,,,,,,,,,,,,,,,,,,,o,o,,,,,,,,,,,,,,,,,,,,,,,,,o,,,,,,,,,,,,,,,,,,,,,,,,o,o,,,,,,,,,,,,,,,,,,,o,o,,,,,,,
nar:area,N,1,Y,Y,Y,Y,Y,Y,N,,,,,,,,,,,,,,,,,,,,,,,,,,,,,,,,,,,,,,,,,,,,,,,,,,o,o,o,,o,,,,,,,,,,,,,,,,,,,,,,,,,,o,o,,,,o,,,,,,,,,,,,,,,,,o,,,,,,,,,,o,,,,,,,,,o,o,o,,,,,,,,,,,,,,,,,,,,,,,,,,,,,o,,o,,,,,,,,,,,,,,,,,,,,,,,,,,,,,,,,,o,o,,o,,,,,,,,,,,,,,,,,,,,,,,,o,o,,,,,,,
nar:assert,Y,1,Y,Y,Y,Y,Y,N,N,,,,,,,,,,,,,,,,,,,,,,,,,,,,,,,,,,,,,,,,,,,,,,,,,,o,o,o,,o,,,,,,,,,,,,,,,,,,,,,,,,,,o,o,,,,o,,,,,,,,,,,,,,,,,o,,,,,,,,,,o,,,,,,,,,o,o,o,,,,,,,,,,,,,,,,,,,,,,,,,,,,,,,,,,,,,,,,,,,,,,,,,,,,,,,,,,,,,,,,,,,o,,,,,,,,,,,,,,,,,,,,,,,,o,o,,,,,,,
nar:assignedTo,N,2,N,N,Y,Y,Y,N,N,,,,,,,,,,,,,,,,,,,,,,,,,,,,,,,,,,,,,,,,,,,,,,,o,o,,o,o,o,,o,,,,,,,,,,,,,,,,,,,,,,,,,,o,o,,,,o,,,,,,,,,,,,,,,,,o,,,,,,,,,,o,,,,,,,,,o,o,o,,,,,,,,,,,,,,,,,,,,,,,,,,,,,o,,o,,,,,,,,,,,,,,,,,,,,,,,,,,,,,,,,,o,o,,o,,,,,,,,,,,,,,,,,,,,,,,,o,o,,,,,,,
nar:audience,Y,1,Y,Y,Y,Y,Y,Y,N,,,,,,,,,,,,,,,,,,,,,,,,,,,,,,,,,,,,,o,,,,,,,,,,,,,o,o,o,o,o,,,,,,,,,,,,,,,,,,,,,,,,,,o,o,,,,o,,,,,,,,,,,,,,,,,o,,,,,,,,,,o,,,,,,,,,o,o,o,,,,,,,,,,,,,o,,,,,,,,,,,,,,,,,,,,,,,,,,,,,,,,,o,,,,,,,,,,,,,,,,,,o,o,,o,,,,,,,,,,,,,,,,,,,,,,,,o,o,,,,,,,
nar:bag,Y,1,Y,Y,Y,Y,Y,Y,Y,,,,,,,,,,,,,,,,,,,,,,,,,,,,,,,,,,,,,,,,,,,,,,,,,,o,o,o,,o,,,,,,,,,,,,,,,,,,,,,,,,,,o,o,,,,o,,,,,,,,,,,,,,,,,,,,,,,,,,,o,,,,,,,,,o,o,,,,,,,,,,,,,,,,,,,,,,,,,,,,,,,,,,,,,,,,,,,,,,,,,,,,,,,,,,,,,,,,,,,,,,,,,,,,,,,,,,,,,,,,,,,,o,o,,,,,,,
nar:bit,N,1,Y,Y,Y,Y,Y,Y,Y,,,,,,,,,,,,,,,,,,,,,,,,,,,,,,,,,,,,,o,,,,,,,,,,,,,o,o,o,o,,,,,,,,,,,,,,,,,,,,,,,,,,,o,o,,,,o,,,,,,,,,,,,,,,,,,,,,,,,,,,o,,,,,,,,,o,o,o,,,,,,,,,,,,,o,,,,,,,,,,,,,,,,,,,,,,,,,,,,,,,,,o,,,,,,,,,,,,,,,,,,o,o,,o,,,,,,,,,,,,,,,,,,,,,,,,o,o,,,,,,,
nar:born,N,1,Y,Y,Y,Y,Y,Y,N,,,,,,,,,,,,,,,,,,,,,,,,,,,,,,,,,,,,,,,,,,,,,,,,,,o,o,o,,,,,,,,,,,,,,,,,,,,,,,,,,,,o,o,,,,o,,,,,,,,,,,,,,,,,,,,,,,,,,,o,,,,,,,,,o,o,,,,,,,,,,,,,,,,,,,,,,,,,,,,,,,,,,,,,,,,,,,,,,,,,,,,,,,,,,,,,,,,,,,,,,,,,,,,,,,,,,,,,,,,,,,,o,o,,,,,,,
nar:br,Y,1,Y,Y,Y,Y,Y,Y,Y,,,,,,,,,,,,,,,,,,,,,,,,,,,,,,,,,,,,,,,,,,,,,,,,,,o,o,o,,,,,,,,,,,,,,,,,,,,,,,,,,,,o,o,,,,o,,,,,,,,,,,,,,,,,,,,,,,,,,,o,,,,,,,,,o,o,,,,,,,,,,,,,,,,,,,,,,,,,,,,,,,,,,,,,,,,,,,,,,,,,,,,,,,,,,,,,,,,,,,,,,,,,,,,,,,,,,,,,,,,,,,,o,o,,,,,,,
nar:broader,Y,1,Y,Y,Y,Y,Y,Y,Y,,,,,,,,,,,,,,,,,,,,,,,,,,,,,,,,,,,,,,,,,,,,,,,,,,o,o,o,,o,,,,,,,,,,,,,,,,,,,,,,,,,,o,o,,,,o,,,,,,,,,,,,,,,,,o,,,,,,,,,,o,,,,,,,,,o,o,o,,,,,,o,,,,,,o,,o,,,,,,,,,,,,,,,,,,,,,,,,,,,,,,,,,,,,,,,,,,,,,,,,,,o,o,,o,,,,o,o,,,,,,,,,,,,,,,,,,,o,o,,,,,,,
nar:by,Y,1,Y,Y,Y,Y,Y,Y,N,,,,,,,,,,,,,,,,,,,,,,,,,,,,,,,,,,,,,,,,,,,,,,,,,,o,o,o,,o,,,,,,,,,,,,,,,,,,,,,,,,,,o,o,,,,o,,,,,,,,,,,,,,,,,,,,,,,,o,,,o,,,,,,,,,o,o,,,,,,,o,,,,,,,,,,,,,,,,,,,,,,,o,,o,,,,,,,,,,,,,,,,,,,,,,,,,,,,,,,,,,,,,,,,,,,,,,,,,,,,,,,,,,,,o,o,,,,,,,
nar:capacity,N,1,Y,Y,Y,Y,Y,Y,N,,,,,,,,,,,,,,,,,,,,,,,,,,,,,,,,,,,,,,,,,,,,,,,,,,o,o,o,,o,,,,,,,,,,,,,,,,,,,,,,,,,,o,o,,,,o,,,,,,,,,,,,,,,,,,,,,,,,o,,,o,,,,,,,,,o,o,,,,,,,,,,,,,,,,,,,,,,,,,,,,,,o,,o,,,,,,,,,,,,,,,,,,,,,,,,,,,,,,,,,,,,,,,,,,,,,,,,,,,,,,,,,,,,o,o,,,,,,,
nar:catalog,Y,1,Y,Y,Y,Y,Y,Y,Y,,,o,,,,,,,,,,,,,,,o,,,,,,,,,,,,,,,,,,,,,,,,,,,,,,,,o,o,o,,,,,,,,,,,,,,,,,,,,o,,,,,,,,o,o,,,,o,,,,,,,,,,,,,,,,,,,,,,,,,,,o,,,,,,,,,o,o,,,,,,,,,,,,,,,,,,,,,,,,,,,,,,,,,,,,,,,,,,,,,,,,,,,,,,,,,,,,,,,,,,,,,o,,,,,,,,,o,,,,,,,,,,,,,,o,o,,,,,,,
nar:catalogContainer,Y,1,N,N,N,N,N,Y,N,,,,,,,,,,,,,,,,,,,,,,,,,,,,,,,,,,,,,,,,,,,,,,,,,,,,,,,,,,,,,,,,,,,,,,,,,,,,,,,,,,,,,,,,,,,,,,,,,,,,,,,,,,,,,,,,,,,,,,,,,,,,,,,,,,,,,,,,,,,,,,,,,,,,,,,,,,,,,,,,,,,,,,,,,,,,,,,,,,,,,,,,,,,,,,,,,,,,,,,,,,,,,,,,,,,,,,,,,,,,,,
nar:catalogItem,Y,1,N,N,N,N,N,Y,N,,,,,,,,,,,,,,,,,,,,,,,,,,,,,,,,,,,,,,,,o,,,,,,,,,,,,,,o,,,,,,,,,,,,,,,,,,r,,,,,,,,,,,,,,,,,,,,,,,,,,,,,,,,,,,,,,,,,,,,,,,,,,,,,,,,,,,,,,,,,,,,,,,,,,,,,,,,,,,,,,,,,,,,,,,,,,,,r,r,,,,,,,,,,,,,,,,,,,,,,,,,,,o,,,,,,,,,,,,,,,,,,,,,,
nar:catalogRef,Y,2,Y,Y,Y,Y,Y,Y,Y,,,,,,,,,,,,,,,,,,,,,,,,,,,,,,,,,,,,,,,,,,,,,,,,,,o,o,o,,,,,,,,,,,,,,,,,,,,,,,,,,,,o,o,r,,,o,,,,,,,,,,,,,,,,,,,,,,,,,,,o,,,,,,,,,o,o,,,,,,,,,,,,,,,,,,,,,,,,,,,,,,,,,,,,,,,,,,,,,,,,,,,,,,,,,,,,,,,,,,,,,,,,,,,,,,,,,,,,,,,,,,,,o,o,,,,,,,
nar:ceasedToExist,N,2,Y,Y,Y,Y,Y,Y,N,,,,,,,,,,,,,,,,,,,,,,,,,,,,,,,,,,,,,,,,,,,,,,,,,,o,o,o,,,,,,,,,,,,,,,,,,,,,,,,,,,,o,o,,,,o,,,,,,,,,,,,,,,,,,,,,,,,,,,o,,,,,,,,,o,o,,,,,,,,,,,,,,,,,,,,,,,,,,,,,,,,,,,,,,,,,,,,,,,,,,,,,,,,,,,,,,,,,,,,,,,,,,,,,,,,,,,,,,,,,,,,o,o,,,,,,,
nar:channel,N,2,Y,N,N,N,N,N,Y,,,,,,,,,,o,o,o,o,o,o,o,o,,,,,,,,,,,o,o,,o,o,o,o,o,,,,,,,,,,,,,,,o,o,o,,,o,o,o,,,,,,,,,,,o,,,,,,,,,o,o,o,o,o,,,,o,,,,,,,,,,,,o,,o,o,o,o,,,,,,,,,,o,o,,o,,,,,,o,o,o,,,,,,,,,,,,,,,,,,,,,,,,,,o,,,o,,o,,,,,,,,,,,,,,,,,,,,,,,,,,,,,,,,,o,o,,o,,,,,,,,,,,,o,o,o,o,o,o,o,o,o,o,o,o,o,o,o,o,o,,o,,
nar:circle,N,1,Y,Y,Y,Y,Y,Y,N,,,,,,,,,,,,,,,,,,,,,,,,,,,,,,,,,,,,,,,,,,,,,,,,,,o,o,o,,,,,,,,,,,,,,,,,,,,,,,,,,,,o,o,,,,o,,,,,,,,,,,,,,,,,,,,,,,,,,,o,,,,,,,,,o,o,,r,o,o,,,,,,,,,,,,,,,,,,,,,,,,,,,,,,,,,,,,,,,,,,,,,,,,,,,,,,,,,,,,,,,,,,,,,,,,,,,,,,,,,,,,,,,,o,o,,,,,,,
nar:concept,Y,1,N,N,N,Y,Y,N,N,,,,,,,,,,,,,,,,,,,,,,,,,,,,,,,,,,,,,,,,,,,,,,,,,,o,o,o,,o,,,,,,,,,,,,,,,,,,,,,,,,,,o,o,,,,o,,,,,,,,,,,,,,,,,,,,,,,,,,,o,,,,,,,,,o,o,,,,,,,,,,,,,,,,,,,,,,,,,,,,,,,,,,,,,,,,,,,,,,,,,,,,,,,,,,,,,,,,,,,,,,,,,,,,,,,,,,,,,,,,,,,,o,o,,,,,,,
nar:conceptExtProperty,Y,1,N,N,N,Y,Y,N,N,,,,,,,,,,,,,,,,,,,,,,,,,,,,,,,,,,,,,,,,,,,,,,,,,,o,o,o,,o,,,,,,,,,,,,,,,,,,,,,,,,,,o,o,,,,o,,,,,,,,,,,,,,,,,o,,,,,,,,,,o,,,,,,,,,o,o,o,,,,,,,,,,,,o,,o,,,,,,,,,,,,,,,,,,,,,,,,,,,,,,,,,,,,,,,,,,,,,,,,,,o,o,,o,,,,o,o,o,o,o,o,,,,,,,,,,,,,,,o,o,,,,,,,
nar:conceptId,Y,1,N,N,N,Y,Y,N,N,,,,,,,,,,,,,,,,,,,,,,,,,,,,,,,,,,,,,,,,,,,,,,,,,o,o,o,o,,,,,,,,,,,,,,,,,,,,,,,,,,,,o,o,,,,o,,,,,,,,,,,,,,,,,,,,,,,,,,,o,,,,,,,,,o,o,o,,,,,,,,,,,,,,,,,,,,,,,,,,,o,,,,,,,,,,,,,,,,,,,,,,,,,,,,,,,,,,,,,,,,o,,,,,,,,,,,,,,,,,,,,,,,,o,o,,,,,,,
nar:conceptItem,Y,1,N,N,N,Y,N,N,N,,,,,,,,,,,,,,,,,,,,,,,,,,,,,,,,,,,,,,,,o,,,,,,,,,,,,,,o,,,,,,,,,,,,,,,,,,r,,,,,,,,,,,,,,,,,,,,,,,,,,,,,,,,,,,,,,,,,,,,,,,,,,,,,,,,,,,,,,,,,,,,,,,,,,,,,,,,,,,,,,,,,,,,,,,,,,,,r,r,,,,,,,,,,,,,,,,,,,,,,,,,,,o,,,,,,,,,,,,,,,,,,,,,,
nar:conceptRef,N,1,N,Y,N,N,N,N,N,,,,,,,,,,,,,,,,,,,,,,,,,,,,,,,,,,,,,,,,,,,,,,,,,,o,o,o,,o,,,,,,,,,,,,,,,,,,,,,,,,,,o,o,,,,o,,,,,,,,,,,,,,,,,o,,,,,,,,,,o,,,,,,,,,o,o,o,,,,,,,,,,,,,,,,,,,,,,,,,,,,,,,,,,,,,,,,,,,,,,,,,,,,,,,,,,,,,,,,o,o,,o,,,,,,,,,,,,,,,,,,,,,,,,o,o,,,,,,,
nar:conceptSet,Y,1,N,N,N,N,Y,N,N,,,,,,,,,,,,,,,,,,,,,,,,,,,,,,,,,,,,,,,,,,,,,,,,,,o,o,o,,,,,,,,,,,,,,,,,,,,,,,,,,,,o,o,,,,o,,,,,,,,,,,,,,,,,,,,,,,,,,,o,,,,,,,,,o,o,,,,,,,,,,,,,,,,,,,,,,,,,,,,,,,,,,,,,,,,,,,,,,,,,,,,,,,,,,,,,,,,,,,,,,,,,,,,,,,,,,,,,,,,,,,,o,o,,,,,,,
nar:confirmation,N,1,N,N,N,Y,Y,N,N,,,,,,,,,,,,,,,,,,,,,,,,,,,,,,,,,,,,,,,,,,,,,,,,,,o,o,o,,,,,,,,,,,,,,,,,,,,,,,,,,,,o,o,,,,o,,,,,,,,,,,,,,,,,,,,,,,,,,,o,,,,,,,,,o,o,o,,,,,,,,,,,,,,,,,,,,,,,,,,,,,,,,,,,,,,,,,,,,,,,,,,,,,,,,,,,,,,,,,,,o,,,,,,,,,,,,,,,,,,,,,,,,o,o,,,,,,,
nar:contactInfo,N,4,Y,Y,Y,Y,Y,Y,N,,,,,,,,,,,,,,,,,,,,,,,,,,,,,,,,,,,,,,,,,,,,,,,,,,o,o,o,,,,,,,,,,,,,,,,,,,,,,,,,,,,o,o,,,,o,,,,,,,,,,,,,,,,,,,,,,,,,,,o,,,,,,,,,o,o,,,,,,,,,,,,,,,,,,,,,,,,,,,,,,o,,o,,,,,,,,,,,,,,,,,,,,,,,,,,,,,,,,,,,,,,,,,,,,,,,,,,,,,,,,,,,,o,o,,,,,,,
nar:contentCreated,Y,1,Y,Y,Y,Y,Y,Y,N,,,,,,,,,,,,,,,,,,,,,,,,,,,,,,,,,,,,,,,,,,,,,,,,,,o,o,o,,,,,,,,,,,,,,,,,,,,,,,,,,,,o,o,,,,o,,,,,,,,,,,,,,,,,,,,,,,,,,,o,,,,,,,,,o,o,,,,,,,,,,,,,,,,,,,,,,,,,,,,,,,,,,,,,,,,,,,,,,,,,,,,,,,,,,,,,,,,,,,,,,,,,,,,,,,,,,,,,,,,,,,,o,o,,,,,,,
nar:contentMeta,N,6,Y,Y,Y,Y,Y,Y,N,,,,,,,,,,,,,,,,,,,,,,,,,,,,,,,,,,,,,,,,,,,,,,,,,,o,o,o,,o,,,,,,,,,,,,,,,,,,,,,,,,,,o,o,,,,o,,,,,,,,,,,,,,,,,,,,,,,,,,,o,,,,,,,,,o,o,,,,,,,,,,,,,,,,,,,,,,,,,,,,,,,,,,,,,,,,,,,,,,,,,,,,,,,,,,,,,,,,,,,,,,,,,,,,,,,,,,,,,,,,,,,,o,o,,,,,,,
nar:contentMetaExtProperty,Y,1,Y,Y,Y,Y,Y,Y,N,,,,,,,,,,,,,,,,,,,,,,,,,,,,,,,,,,,,,,,,,,,,,,,,,,o,o,o,,o,,,,,,,,,,,,,,,,,,,,,,,,,,o,o,,,,o,,,,,,,,,,,,,,,,,o,,,,,,,,,,o,,,,,,,,,o,o,o,,,,,,,,,,,,o,,o,,,,,,,,,,,,,,,,,,,,,,,,,,,,,,,,,,,,,,,,,,,,,,,,,,o,o,,o,,,,o,o,o,o,o,o,,,,,,,,,,,,,,,o,o,,,,,,,
nar:contentModified,Y,1,Y,Y,Y,Y,Y,Y,N,,,,,,,,,,,,,,,,,,,,,,,,,,,,,,,,,,,,,,,,,,,,,,,,,,o,o,o,,,,,,,,,,,,,,,,,,,,,,,,,,,,o,o,,,,o,,,,,,,,,,,,,,,,,,,,,,,,,,,o,,,,,,,,,o,o,,,,,,,,,,,,,,,,,,,,,,,,,,,,,,,,,,,,,,,,,,,,,,,,,,,,,,,,,,,,,,,,,,,,,,,,,,,,,,,,,,,,,,,,,,,,o,o,,,,,,,
nar:contentSet,Y,1,Y,N,N,N,N,N,N,,,,,,,,,,,,,,,,,,,,,,,,,,,,,,,,,,,,,,,,,,,,,,,,,,o,o,o,,,,,,,,,,,,,,,,,,,,,,,,,,,,o,o,,,,o,,,,,,,,,,,,,,,,,,,,,,,,,,,o,,o,,,,,,,o,o,,,,,,,,,,,,,,,,,,,,,,,,,,,,,,,,,,,,,,,,,,,,,,,,,,,,,,,,,,,,,,,,,,,,,,,,,,,,,,,,,,,,,,,,,,,,o,o,,,,,,,
nar:contributor,Y,1,Y,Y,Y,Y,Y,Y,N,,,,,,,,,,,,,,,,,,,,,,,,,,,,,,,,,,,,,,,,,,,,,,,,,,o,o,o,,o,,,,,,,,,,,,,,,,,,,,,,,,,,o,o,,,,o,,,,,,,,,o,o,,,,,,,o,,,,,,,,,,o,,,,,,,,,o,o,o,,,,,,,,,,,,,,,,,,,,,,,,,,,,,o,,o,,,,,,,,,,,,,,,,,,,,,,,,,,,,,,,,,o,o,,o,,,,,,,,,,,,,,,,,,,,,,,,o,o,,,,,,,
nar:copyrightHolder,Y,1,Y,Y,Y,Y,Y,Y,N,,,,,,,,,,,,,,,,,,,,,,,,,,,,,,,,,,,,,,,,,,,,,,,,,,o,o,o,,o,,,,,,,,,,,,,,,,,,,,,,,,,,o,o,,,,o,,,,,,,,,,,,,,,,,o,,,,,,,,,,o,,,,,,,,,o,o,o,,,,,,,,,,,,,,,,,,,,,,,,,,,,,,,,,,,,,,,,,,,,,,,,,,,,,,,,,,,,,,,,o,o,,o,,,,,,,,,,,,,,,,,,,,,,,,o,o,,,,,,,
nar:copyrightNotice,Y,1,Y,Y,Y,Y,Y,Y,N,,,,,,,,,,,,,,,,,,,,,,,,,,,,,,,,,,,,,,,,,,,,,,,,,,o,o,o,,o,,,,,,,,,,,,,,,,,,,,,,,,,,o,o,o,,,o,,,,,,,,,,,,,,,,,,,,,,,,o,,,o,,,,,,,,,o,o,,,,,,,,,,,,,,,,,,,,,,,,,,,,,,o,,o,,,,,,,,,,,,,,,,,,,,,,,,,,,,,,,,,,,,,,,,,,,,,,,,,,,,,,,,,,,,o,o,,,,,,,
nar:country,N,1,Y,Y,Y,Y,Y,Y,N,,,,,,,,,,,,,,,,,,,,,,,,,,,,,,,,,,,,,,,,,,,,,,,,,,o,o,o,,o,,,,,,,,,,,,,,,,,,,,,,,,,,o,o,,,,o,,,,,,,,,,,,,,,,,o,,,,,,,,,,o,,,,,,,,,o,o,o,,,,,,,,,,,,,,,,,,,,,,,,,,,,,,,,,,,,,,,,,,,,,,,,,,,,,,,,,,,,,,,,o,o,,o,,,,,,,,,,,,,,,,,,,,,,,,o,o,,,,,,,
nar:created,Y,3,Y,Y,Y,Y,Y,Y,N,,,,,,,,,,,,,,,,,,,,,,,,,,,,,,,,,,,,,,,,,,,,,,,,,,o,o,o,,,,,,,,,,,,,,,,,,,,,,,,,,,,o,o,,,,o,,,,,,,,,,,,,,,,,,,,,,,,,,,o,,,,,,,,,o,o,,,,,,,,,,,,,,,,,,,,,,,,,,,,,,,,,,,,,,,,,,,,,,,,,,,,,,,,,,,,,,,,,,,,,,,,,,,,,,,,,,,,,,,,,,,,o,o,,,,,,,
nar:creator,Y,1,Y,Y,Y,Y,Y,Y,N,,,,,,,,,,,,,,,,,,,,,,,,,,,,,,,,,,,,,,,,,,,,,,,,,,o,o,o,,o,,,,,,,,,,,,,,,,,,,,,,,,,,o,o,,,,o,,,,,,,,,o,o,,,,,,,o,,,,,,,,,,o,,,,,,,,,o,o,o,,,,,,,,,,,,,,,,,,,,,,,,,,,,,o,,o,,,,,,,,,,,,,,,,,,,,,,,,,,,,,,,,,o,o,,o,,,,,,,,,,,,,,,,,,,,,,,,o,o,,,,,,,
nar:creditline,Y,1,Y,Y,Y,Y,Y,Y,N,,,,,,,,,,,,,,,,,,,,,,,,,,,,,,,,,,,,,,,,,,,,,,,,,,o,o,o,,o,,,,,,,,,,,,,,,,,,,,,,,,,,o,o,,,,o,,,,,,,,,,,,,,,,,,,,,,,,,,,o,,,,,,,,,o,o,,,,,,,o,,,,,,,,,,,,,,,,,,,,,,,,,,,,,,,,,,,,,,,,,,,,,,,,,,,,,,,,,,,,,,,,,,,,,,,,,,,,,,,,,,,,,o,o,,,,,,,
nar:dateline,Y,1,Y,Y,Y,Y,Y,Y,N,,,,,,,,,,,,,,,,,,,,,,,,,,,,,,,,,,,,,,,,,,,,,,,,,,o,o,o,,o,,,,,,,,,,,,,,,,,,,,,,,,,,o,o,,,,o,,,,,,,,,,,,,,,,,,,,,,,,o,,,o,,,,,,,,,o,o,,,,,,,o,,,,,,,,,,,,,,,,,,,,,,,o,,o,,,,,,,,,,,,,,,,,,,,,,,,,,,,,,,,,,,,,,,,,,,,,,,,,,,,,,,,,,,,o,o,,,,,,,
nar:dates,N,1,N,N,N,Y,Y,N,N,,,,,,,,,,,,,,,,,,,,,,,,,,,,,,,,,,,,,,,,,,,,,,,,,,o,o,o,,,,,,,,,,,,,,,,,,,,,,,,,,,,o,o,,,,o,,,,,,,,,,,,,,,,,,,,,,,,,,,o,,,,,,,,,o,o,,,,,,,,,,,,,,,,,,,,,,,,,,,,,,,,,,,,,,,,,,,,,,,,,,,,,,,,,,,,,,,,,,,,,,,,,,,,,,,,,,,,,,,,,,,,o,o,,,,,,,
nar:definition,Y,1,Y,Y,Y,Y,Y,Y,Y,,,,,,,,,,,,,,,,,,,,,,,,,,,,,,,,,,,,,,,,,,,,,,,,,,o,o,o,,o,,,,,,,,,,,,,,,,,,,,,,,,,,o,o,,,,o,,,,,,,,,,,,,,,,,,,,,,,,o,,,o,,,,,,,,,o,o,,,,,,,,,,,,,,,,,,,,,,,,,,,,,,o,,o,,,,,,,,,,,,,,,,,,,,,,,,,,,,,,,,,,,,,,,,o,o,,,,,,,,,,,,,,,,,,,o,o,,,,,,,
nar:deliverableOf,Y,1,Y,Y,Y,Y,Y,Y,N,,,,,,,,,,,,,,,,,,,,,,,,,,,,,,,,,,,,,,,,,,o,o,o,o,,,,,o,o,o,,o,,,,,,,,,,o,o,o,,,,,,,o,,,,,,,o,o,o,,o,o,,,,,,,,,,,,,,,,,,,,,,,,,,,o,,,,,,,o,,o,o,,,,,,,o,,,,,,o,,o,,,,,,,,,o,o,o,,,,,,,,,,,,,,,,,,,,,,o,,,,,,,,,,,,,,,,o,,,,,,,,o,o,,,,,o,,,,,,,,,,,,,,o,o,,,,,,,
nar:deliveredItemRef,N,1,N,N,Y,Y,Y,N,N,,,,,,,,,,,,,,,,,,,,,,,,,,,,,,,,,,,,,,,,,,o,o,o,o,,,,,o,o,o,,o,,,,,,,,,,o,o,o,,,,,,,o,,,,,,,o,o,o,,o,o,,,,,,,,,,,,,,,,,,,,,,,,,,,o,,,,,,,o,,o,o,,,,,,,o,,,,,,o,,o,,,,,,,,,o,o,o,,,,,,,,,,,,,,,,,,,,,,o,,,,,,,,,,,,,,,,o,,,,,,,,o,o,,,,,o,,,,,,,,,,,,,,o,o,,,,,,,
nar:delivery,Y,1,N,N,Y,Y,Y,N,N,,,,,,,,,,,,,,,,,,,,,,,,,,,,,,,,,,,,,,,,,,,,,,,,,,o,o,o,,,,,,,,,,,,,,,,,,,,,,,,,,,,o,o,,,,o,,,,,,,,,,,,,,,,,,,,,,,,,,,o,,,,,,,,,o,o,,,,,,,,,,,,,,,,,,,,,,,,,,,,,,,,,,,,,,,,,,,,,,,,,,,,,,,,,,,,,,,,,,,,,,,,,,,,,,,,,,,,,,,,,,,,o,o,,,,,,,
nar:derivedFrom,Y,1,Y,Y,Y,Y,Y,N,N,,,,,,,,,,,,,,,,,,,,,,,,,,,,,,,,,,,,,,,,,,,,,,,,,,o,o,o,,o,,,,,,,,,,,,,,,,,,,,,,,,,,o,o,,,,o,,,,o,,,,,,,,,,,,,o,,,,,,,,,,o,,,,,,,,,o,o,o,,,,,,,,,,,,,,,,,,,,,,,,,,,,,,,,,,,,,,,,,,,,,,,,,,,,,,,,,,,,,,,,o,o,,o,,,,,,,,,,,,,,,,,,,,,,,,o,o,,,,,,,
nar:derivedFromValue,Y,1,Y,Y,Y,Y,Y,N,N,,,,,,,,,,,,,,,,,,,,,,,,,,,,,,,,,,,,,,,,,,,,,,,,,,o,o,o,,,,,,,,,,,,,,,,,,,,,,,,,,,,o,o,,,,o,,,,r,,,,,,,,,,,,,,,,,,,,,,,o,,,,,,,,,o,o,,,,,,,,,,,,,,,,,,,,,,,,,,,,,,,,,,,,,,,,,,,,,,,,,r,,,,,,,,,,,,,,,,,,,,,,,,,,,,,,,,,,,,,,,,,,,o,o,,,,,,,
nar:description,Y,1,Y,Y,Y,Y,Y,Y,N,,,,,,,,,,,,,,,,,,,,,,,,,,,,,,,,,,,,,o,,,,,,,,,,,,,o,o,o,,o,,,,,,,,,,,,,,,,,,,,,,,,,,o,o,,,,o,,,,,,,,,,,,,,,,,,,,,,,,o,,,o,,,,,,,,,o,o,,,,,,,o,,,,,,,o,,,,,,,,,,,,,,,,o,,o,,,,,,,,,,,,,,,,,,,,,,,,,,,,,,,,,,,,,,,,,,,,,,,,,,,,,,,,,,,,o,o,,,,,,,
nar:destination,N,1,N,N,N,N,N,N,Y,,,,,,,,,,,,,,,,,,,,,,,,,,,,,,,,,,,,,,,,,,,,,,,,,,o,o,o,,,,,,,,,,,,,,,,,,,,,,,,,,,,o,o,,,,o,,,,,,,,,,,,,,,,,o,,,,,,,,,,o,,,,,,,,,o,o,o,,,,,,,,,,,,,,,,,,,,,,,,,,,,,o,,o,,,,,,,,,,,,,,,,,,,,,,,,,,,,,,,,,o,o,,o,,,,,,,,,,,,,,,,,,,,,,,,o,o,,,,,,,
nar:details,N,1,Y,Y,Y,Y,Y,Y,N,,,,,,,,,,,,,,,,,,,,,,,,,,,,,,,,,,,,,,,,,,,,,,,,,,o,o,o,,o,,,,,,,,,,,,,,,,,,,,,,,,,,o,o,,,,o,,,,,,,,,,,,,,,,,,,,,,,,o,,,o,,,,,,,,,o,o,,,,,,,,,,,,,,,,,,,,,,,,,,,,,,o,,o,,,,,,,,,,,,,,,,,,,,,,,,,,,,,,,,,,,,,,,,,,,,,,,,,,,,,,,,,,,,o,o,,,,,,,
nar:died,N,1,Y,Y,Y,Y,Y,Y,N,,,,,,,,,,,,,,,,,,,,,,,,,,,,,,,,,,,,,,,,,,,,,,,,,,o,o,o,,,,,,,,,,,,,,,,,,,,,,,,,,,,o,o,,,,o,,,,,,,,,,,,,,,,,,,,,,,,,,,o,,,,,,,,,o,o,,,,,,,,,,,,,,,,,,,,,,,,,,,,,,,,,,,,,,,,,,,,,,,,,,,,,,,,,,,,,,,,,,,,,,,,,,,,,,,,,,,,,,,,,,,,o,o,,,,,,,
nar:dissolved,N,2,Y,Y,Y,Y,Y,Y,N,,,,,,,,,,,,,,,,,,,,,,,,,,,,,,,,,,,,,,,,,,,,,,,,,,o,o,o,,,,,,,,,,,,,,,,,,,,,,,,,,,,o,o,,,,o,,,,,,,,,,,,,,,,,,,,,,,,,,,o,,,,,,,,,o,o,,,,,,,,,,,,,,,,,,,,,,,,,,,,,,,,,,,,,,,,,,,,,,,,,,,,,,,,,,,,,,,,,,,,,,,,,,,,,,,,,,,,,,,,,,,,o,o,,,,,,,
nar:duration,N,1,N,N,N,Y,Y,N,N,,,,,,,,,,,,,,,,,,,,,,,,,,,,,,,,,,,,,,o,o,,,,,,,,,,,o,o,o,,,,,,,,,,,,,,,,,,,,,,,,,,,,o,o,,,,o,,,,,,,,,,,,,,,,,,,,,,,,,,,o,,,,,,,,,o,o,,,,,,,,,,,,,,,,,,,,,,,,,,,,,,,,,,,,,,,,,,,,,,,,,,,,,,,,,,,,,,,,,,,,,,,,,,,,,,,,,,,,,,,,,,,,o,o,,,,,,,
nar:edNote,Y,3,Y,Y,Y,Y,Y,Y,N,,,,,,,,,,,,,,,,,,,,,,,,,,,,,,,,,,,,,,,,,,,,,,,,,,o,o,o,,o,,,,,,,,,,,,,,,,,,,,,,,,,,o,o,,,,o,,,,,,,,,,,,,,,,,,,,,,,,o,,,o,,,,,,,,,o,o,,,,,,,,,,,,,,,,,,,,,,,,,,,,,,o,,o,,,,,,,,,,,,,,,,,,,,,,,,,,,,,,,,,,,,,,,,,,,,,,,,,,,,,,,,,,,,o,o,,,,,,,
nar:email,N,1,Y,Y,Y,Y,Y,Y,N,,,,,,,,,,,,,,,,,,,,,,,,,,,,,,,,,,,,,,,,,,,,,,,,,,o,o,o,,,,,,,,,,,,,,,,,,,,,,,,,,,,o,o,,,,o,,,,,,,,,,,,,,,,,,,,,,,,,,,o,,,,,,,,,o,o,,,,,,,,,,,,,,,,,,,,,,,,,,,,,,o,,o,,,,,,,,,,,,,,,,,,,,,,,,,,,,,,,,,,,,,,,,,,,,,,,,,,,,,,,,,,,,o,o,,,,,,,
nar:embargoed,Y,1,Y,Y,Y,Y,Y,Y,N,,,,,,,,,,,,,,,,,,,,,,,,,,,,,,,,,,,,,,,,,,,,,,,,,,o,o,o,,,,,,,,,,,,,,,,,,,,,,,,,,,,o,o,,,,o,,,,,,,,,,,,,,,,,,,,,,,,,,,o,,,,,,,,,o,o,,,,,,,,,,,,,,,,,,,,,,,,,,,,,,,,,,,,,,,,,,,,,,,,,,,,,,,,,,,,,,,,,,,,,,,,,,,,,,,,,,,,,,,,,,,,o,o,,,,,,,
nar:end,N,1,N,N,N,Y,Y,N,N,,,,,,o,o,,,,,,,,,,,,,,,,,,,,,,,,,,,,,,,o,o,,,,,,,,,,,o,o,o,,,,,,,,,,,,,,,,,,,,,,,,,,,,o,o,,,,o,,,,,,,,,,,,,,,,,,,,,,,,,,,o,,,,,,,,,o,o,,,,,,,,,,,,,,,,,,,,,,,,,,,,,,,,,,,,,,,,,,,,,,,,,,,,,,,,,,,,,,,,,,,,,,,,,,,,,,,,,,,,,,,,,,,,o,o,,,,,,,
nar:event,Y,1,N,N,N,N,N,N,N,,,,,,,,,,,,,,,,,,,,,,,,,,,,,,,,,,,,,,,,,,,,,,,,,,o,o,o,,,,,,,,,,,,,,,,,,,,,,,,,,,,o,o,,,,o,,,,,,,,,,,,,,,,,,,,,,,,,,,o,,,,,,,,,o,o,,,,,,,,,,,,,,,,,,,,,,,,,,,,,,,,,,,,,,,,,,,,,,,,,,,,,,,,,,,,,,,,,,,,,,,,,,,,,,,,,,,,,,,,,,,,o,o,,,,,,,
nar:eventDetails,Y,1,N,N,N,Y,Y,N,N,,,,,,,,,,,,,,,,,,,,,,,,,,,,,,,,,,,,,,,,,,,,,,,,,,o,o,o,,,,,,,,,,,,,,,,,,,,,,,,,,,,o,o,,,,o,,,,,,,,,,,,,,,,,,,,,,,,,,,o,,,,,,,,,o,o,,,,,,,,,,,,,,,,,,,,,,,,,,,,,,,,,,,,,,,,,,,,,,,,,,,,,,,,,,,,,,,,,,,,,,,,,,,,,,,,,,,,,,,,,,,,o,o,,,,,,,
nar:events,Y,1,N,N,N,N,N,N,N,,,,,,,,,,,,,,,,,,,,,,,,,,,,,,,,,,,,,,,,,,,,,,,,,,o,o,o,,,,,,,,,,,,,,,,,,,,,,,,,,,,o,o,,,,o,,,,,,,,,,,,,,,,,,,,,,,,,,,o,,,,,,,,,o,o,,,,,,,,,,,,,,,,,,,,,,,,,,,,,,,,,,,,,,,,,,,,,,,,,,,,,,,,,,,,,,,,,,,,,,,,,,,,,,,,,,,,,,,,,,,,o,o,,,,,,,
nar:exDate,N,1,N,N,N,Y,Y,N,N,,,,,,,,,,,,,,,,,,,,,,,,,,,,,,,,,,,,,,,,,,,,,,,,,,o,o,o,,,,,,,,,,,,,,,,,,,,,,,,,,,,o,o,,,,o,,,,,,,,,,,,,,,,,,,,,,,,,,,o,,,,,,,,,o,o,,,,,,,,,,,,,,,,,,,,,,,,,,,,,,,,,,,,,,,,,,,,,,,,,,,,,,,,,,,,,,,,,,,,,,,,,,,,,,,,,,,,,,,,,,,,o,o,,,,,,,
nar:exRule,N,1,N,N,N,Y,Y,N,N,,,,,,,,,,,,,,,,,,,o,o,o,o,o,o,o,o,o,,,,,,,,,,,,,,,,,,,o,,,,o,o,o,,,,,,,,,,,,,,,r,,,,,,,,,,,,,o,o,,,,o,,,,,,,,o,,,,,,,,,,,,,,,,,,,o,,,,,,,,,o,o,,,,,,,,,,,,,,,,,,,,,,,,,,,,,,,,,,,,,,,,,,,,,,,,,,,,,,,,,,,,,,,,,,,o,,,,,,,,,,,,,,,,,,,,,,,,,o,o,,,,o,,,
nar:exclAudience,Y,1,Y,Y,Y,Y,Y,Y,N,,,,,,,,,,,,,,,,,,,,,,,,,,,,,,,,,,,,,o,,,,,,,,,,,,,o,o,o,o,o,,,,,,,,,,,,,,,,,,,,,,,,,,o,o,,,,o,,,,,,,,,,,,,,,,,o,,,,,,,,,,o,,,,,,,,,o,o,o,,,,,,,,,,,,,o,,,,,,,,,,,,,,,,,,,,,,,,,,,,,,,,,o,,,,,,,,,,,,,,,,,,o,o,,o,,,,,,,,,,,,,,,,,,,,,,,,o,o,,,,,,,
nar:expires,Y,1,Y,Y,Y,Y,Y,Y,N,,,,,,,,,,,,,,,,,,,,,,,,,,,,,,,,,,,,,,,,,,,,,,,,,,o,o,o,,,,,,,,,,,,,,,,,,,,,,,,,,,,o,o,,,,o,,,,,,,,,,,,,,,,,,,,,,,,,,,o,,,,,,,,,o,o,,,,,,,,,,,,,,,,,,,,,,,,,,,,,,,,,,,,,,,,,,,,,,,,,,,,,,,,,,,,,,,,,,,,,,,,,,,,,,,,,,,,,,,,,,,,o,o,,,,,,,
nar:facet,Y,1,Y,Y,Y,Y,Y,Y,Y,,,,,,,,,,,,,,,,,,,,,,,,,,,,,,,,,,,,,,,,,,,,,,,,,,o,o,o,,o,,,,,,,,,,,,,,o,,,,,,,,,,,,o,o,,,,o,,,,,,,,,,,,,,,,,o,,,,,,,,,,o,,,,,,,,,o,o,o,,,,,,,,,,,,o,,o,,,,,,,,,,,,,,,,,,,,,,,,,,,,,,,,,,,,,,,,,,,,,,,,,,o,o,,o,,,,o,o,,,,,,,,,,,,,,,,,,,o,o,,,,,,,
nar:facetConcept,Y,1,Y,Y,Y,Y,Y,Y,N,,,,,,,,,,,,,,,,,,,,,,,,,,,,,,,,,,,,,,,,,,,,,,,,,,o,o,o,,o,,,,,,,,,,,,,,,,,,,,,,,,,,o,o,,,,o,,,,,,,,,,,,,,,,,o,,,,,,,,,,o,,,,,,,,,o,o,o,,,,,,o,,,,,,o,,o,,,,,,,,,,,,,,,,,,,,,,,,,,,,,,,,,,,,,,,,,,,,,,,,,,o,o,,o,,,,o,o,,,,,,,,,,,,,,,,,,,o,o,,,,,,,
nar:fax,N,1,Y,Y,Y,Y,Y,Y,N,,,,,,,,,,,,,,,,,,,,,,,,,,,,,,,,,,,,,,,,,,,,,,,,,,o,o,o,,,,,,,,,,,,,,,,,,,,,,,,,,,,o,o,,,,o,,,,,,,,,,,,,,,,,,,,,,,,,,,o,,,,,,,,,o,o,,,,,,,,,,,,,,,,,,,,,,,,,,,,,,o,,o,,,,,,,,,,,,,,,,,,,,,,,,,,,,,,,,,,,,,,,,,,,,,,,,,,,,,,,,,,,,o,o,,,,,,,
nar:fileName,Y,1,Y,Y,Y,Y,Y,Y,N,,,,,,,,,,,,,,,,,,,,,,,,,,,,,,,,,,,,,,,,,,,,,,,,,,o,o,o,,,,,,,,,,,,,,,,,,,,,,,,,,,,o,o,,,,o,,,,,,,,,,,,,,,,,,,,,,,,,,,o,,,,,,,,,o,o,,,,,,,,,,,,,,,,,,,,,,,,,,,,,,,,,,,,,,,,,,,,,,,,,,,,,,,,,,,,,,,,,,,,,,,,,,,,,,,,,,,,,,,,,,,,o,o,,,,,,,
nar:firstCreated,Y,1,Y,Y,Y,Y,Y,Y,N,,,,,,,,,,,,,,,,,,,,,,,,,,,,,,,,,,,,,,,,,,,,,,,,,,o,o,o,,,,,,,,,,,,,,,,,,,,,,,,,,,,o,o,,,,o,,,,,,,,,,,,,,,,,,,,,,,,,,,o,,,,,,,,,o,o,,,,,,,,,,,,,,,,,,,,,,,,,,,,,,,,,,,,,,,,,,,,,,,,,,,,,,,,,,,,,,,,,,,,,,,,,,,,,,,,,,,,,,,,,,,,o,o,,,,,,,
nar:founded,N,2,Y,Y,Y,Y,Y,Y,N,,,,,,,,,,,,,,,,,,,,,,,,,,,,,,,,,,,,,,,,,,,,,,,,,,o,o,o,,,,,,,,,,,,,,,,,,,,,,,,,,,,o,o,,,,o,,,,,,,,,,,,,,,,,,,,,,,,,,,o,,,,,,,,,o,o,,,,,,,,,,,,,,,,,,,,,,,,,,,,,,,,,,,,,,,,,,,,,,,,,,,,,,,,,,,,,,,,,,,,,,,,,,,,,,,,,,,,,,,,,,,,o,o,,,,,,,
nar:g2contentType,N,2,N,N,Y,Y,Y,N,N,,,,,,,,,,,,,,,,,,,,,,,,,,,,,,,,,,,,,,,,,,,,,,,,,,o,o,o,,,,,,,,,,,,,,,,,,,,,,,,,,,,o,o,,,,o,,,,,,,,,,,,,,,,,,,,,,,,,,,o,,,,,,,,,o,o,,,,,,,,,,,,,,,,,,,,,,,,,,,,,,,,,,,,,,,,,,,,,,,,,,,,,,,,,,,,,,,,,,,,,,,,,,,,,,,,,,,,,,,,,,,,o,o,,,,,,,
nar:generator,Y,1,Y,Y,Y,Y,Y,Y,N,,,,,,,,,,,,,,,,,,,,,,,,,,,,,,,,,,,,,,,,,,,,,,,,,,o,o,o,,o,,,,,,,,,,,,,,,,,,,,,,,,,,o,o,,,,o,,,,,,,,,,,,,,,,,,,,,,,,,,,o,,,,,,,,,o,o,,,,,,,,,,,,,,,,,,,,,,,,,,,,,,o,,o,,,,,,,,,,,,,,,,,,,,,,,,,,,,,,,,,,,,,,,,,,,,,,,o,,,,,,,,,,,,,o,o,,,,,,,
nar:genre,Y,1,Y,Y,Y,Y,Y,Y,N,,,,,,,,,,,,,,,,,,,,,,,,,,,,,,,,,,,,,o,,,,,,,,,,,,,o,o,o,o,o,,,,,,,,,,,,,,,,,,,,,,,,,,o,o,,,,o,,,,,,,,,,,,,,,,,o,,,,,,,,,,o,,,,,,,,,o,o,o,,,,,,o,,,,,,,o,,,,,,,,,,,,,,,,,,,,,,,,,,,,,,,,,,,,,,,,,,,,,,,,,,,o,o,,o,,,,,,,,,,,,,,,,,,,,,,,,o,o,,,,,,,
nar:geoAreaDetails,Y,1,Y,Y,Y,Y,Y,Y,N,,,,,,,,,,,,,,,,,,,,,,,,,,,,,,,,,,,,,,,,,,,,,,,,,,o,o,o,,,,,,,,,,,,,,,,,,,,,,,,,,,,o,o,,,,o,,,,,,,,,,,,,,,,,,,,,,,,,,,o,,,,,,,,,o,o,,,,,,,,,,,,,,,,,,,,,,,,,,,,,,,,,,,,,,,,,,,,,,,,,,,,,,,,,,,,,,,,,,,,,,,,,,,,,,,,,,,,,,,,,,,,o,o,,,,,,,
nar:group,N,1,N,Y,N,N,N,N,N,,,,,,,,,,,,,,,,,,,,,,,,,,,,,,,,,,,,,,,,,,,,,,,,,,o,o,o,,o,,,,,,,,,,,,,,,,,,,,,,,,,,o,o,,,,o,,,,,,,,,,,,,,,,,,,,,,,,,o,o,o,,,,,,,,,o,o,,,,,,,,,,,,,,,,,,,,,,,,,,,,,,o,,o,,,,,,,,,,,,,,,,,,,,,,,,,,,,,,,,,,,,,,,,,,,,,,,,,,,,,,,,,,,,o,o,,,,,,,
nar:groupExtProperty,N,1,N,Y,N,N,N,N,N,,,,,,,,,,,,,,,,,,,,,,,,,,,,,,,,,,,,,,,,,,,,,,,,,,o,o,o,,o,,,,,,,,,,,,,,,,,,,,,,,,,,o,o,,,,o,,,,,,,,,,,,,,,,,o,,,,,,,,,,o,,,,,,,,,o,o,o,,,,,,,,,,,,o,,o,,,,,,,,,,,,,,,,,,,,,,,,,,,,,,,,,,,,,,,,,,,,,,,,,,o,o,,o,,,,o,o,o,o,o,o,,,,,,,,,,,,,,,o,o,,,,,,,
nar:groupRef,N,1,N,Y,N,N,N,N,N,,,,,,,,,,,,,,,,,,,,,,,,,,,,,,,,,,,,,,,,,,,,,,,,,,o,o,o,,,,,,,,,,,,,,,,,,,,,,,,,,,,o,o,,,,o,,,r,,,,,,,,,,,,,,,,,,,,,,,,o,,,,,,,,,o,o,,,,,,,,,,,,,,,,,,,,,,,,,,,,,,,,,,,,,,,,,,,,,,,,,,,,,,,,,,,,,,,,,,,,,,,,,,,,,,,,,,,,,,,,,,,,o,o,,,,,,,
nar:groupSet,Y,1,N,Y,N,N,N,N,N,,,,,,,,,,,,,,,,,,,,,,,,,,,,,,,,,,,,,,,,,,,,,,,,,,o,o,o,,,,,,,,,,,,,,,,,,,,,,,,,,,,o,o,,,,o,,,,,,,,,,,,,,,,,,,,,,,,,,,o,,,,,,,,,o,o,,,,,,,,,,,,,,,,,,,,,,,,,,,,,,,,,r,,,,,,,,,,,,,,,,,,,,,,,,,,,,,,,,,,,,,,,,,,,,,,,,,,,,,,,,,,,o,o,,,,,,,
nar:hasInstrument,Y,1,Y,Y,Y,Y,Y,Y,N,,,,,,,,,,,,,,,,,,,,,,,,,,,,,,,,,,,,,,,,,,,,,,,,,,o,o,o,,,,,,,,,,,,,,,,,,,,,,,,,,,,o,o,,,,o,,,,,,,,,,,,,,,,,,,o,o,o,o,o,,,,o,,,,,,,,,o,o,,,,,,,o,,,,,,,,,,,,,,,,,,,,,,,,,,,,,,,,,,,,,,,,,,,,,,r,o,o,,,,,,,,,,o,o,,,,,,,,,,,,,,,,,,,,,,,,,,o,o,,,,,,,
nar:hash,Y,1,Y,Y,Y,Y,Y,Y,N,,,,,,,,,,,,,,,,,,,,,,,,,,,,,,,,,,,,,,,,,,,,,,,,,,o,o,o,,,,,,,,,,,,,,,,,,,,,,,o,o,,,,o,o,,,,o,,,,,,,,,,,,,,,,,,,,,,,,,,,o,,,,,,,,,o,o,,,,,,,,,,,,,,,,,,,,,,,,,,,,,,,,,,,,,,,,,o,o,,,,,,,,,,,,,,,,,,,,,,,,,,,,,,,,,,,,,,,,,,,,,,,,,,o,o,,,,,,,
nar:header,N,1,N,N,N,N,N,N,Y,,,,,,,,,,,,,,,,,,,,,,,,,,,,,,,,,,,,,,,,,,,,,,,,,,o,o,o,,,,,,,,,,,,,,,,,,,,,,,,,,,,o,o,,,,o,,,,,,,,,,,,,,,,,,,,,,,,,,,o,,,,,,,,,o,o,,,,,,,,,,,,,,,,,,,,,,,,,,,,,,,,,,,,,,,,,,,,,,,,,,,,,,,,,,,,,,,,,,,,,,,,,,,,,,,,,,,,,,,,,,,,o,o,,,,,,,
nar:headerExtProperty,N,1,N,N,N,N,N,N,Y,,,,,,,,,,,,,,,,,,,,,,,,,,,,,,,,,,,,,,,,,,,,,,,,,,o,o,o,,o,,,,,,,,,,,,,,,,,,,,,,,,,,o,o,,,,o,,,,,,,,,,,,,,,,,o,,,,,,,,,,o,,,,,,,,,o,o,o,,,,,,,,,,,,o,,o,,,,,,,,,,,,,,,,,,,,,,,,,,,,,,,,,,,,,,,,,,,,,,,,,,o,o,,o,,,,o,o,o,o,o,o,,,,,,,,,,,,,,,o,o,,,,,,,
nar:headline,Y,1,Y,Y,Y,Y,Y,Y,N,,,,,,,,,,,,,,,,,,,,,,,,,,,,,,,,,,,,,o,,,,,,,,,,,,,o,o,o,,o,,,,,,,,,,,,,,,,,,,,,,,,,,o,o,,,,o,,,,,,,,,,,,,,,,,,,,,,,,o,,,o,,,,,,,,,o,o,,,,,,,o,,,,,,,o,,,,,,,,,,,,,,,,o,,o,,,,,,,,,,,,,,,,,,,,,,,,,,,,,,,,,,,,,,,,,,,,,,,,,,,,,,,,,,,,o,o,,,,,,,
nar:hierarchyInfo,Y,1,Y,Y,Y,Y,Y,Y,Y,,,,,,,,,,,,,,,,,,,,,,,,,,,,,,,,,,,,,,,,,,,,,,,,,,o,o,o,,,,,,,,,,,,,,,,,,,,,,,,,,,,o,o,,,,o,,,,,,,,,,,,,,,,,,,,,,,,,,,o,,,,,,,,,o,o,,,,,,,,,,,,,,,,,,,,,,,,,,,,,,,,,,,,,,,,,,,,,,,,,,,,,,,,,,,,,,,,,,,,,,,,,,,,,,,,,,,,,,,,,,,,o,o,,,,,,,
nar:hop,N,1,Y,Y,Y,Y,Y,Y,N,,,,,,,,,,,,,,,,,,,,,,,,,,,,,,,,,,,,,,,,,,,,,,,,,,o,o,o,,,,,,,,,,,,,,,,,,,,,,,,,,,,o,o,,,,o,,,,,,,,,,,,,,,,,,,,,,,,,,,o,,,,,,,,,o,o,,,,,,,,,,,,,,,,,,,,,,,,,,,,,,,,,,,,,,,,,,,,o,,,,,,,,,,,,,,,,,o,,,,,,,,,,,,,,,,,,,,,,,,,,,,,,,o,o,,,,,,,
nar:hopHistory,Y,1,Y,Y,Y,Y,Y,Y,N,,,,,,,,,,,,,,,,,,,,,,,,,,,,,,,,,,,,,,,,,,,,,,,,,,o,o,o,,,,,,,,,,,,,,,,,,,,,,,,,,,,o,o,,,,o,,,,,,,,,,,,,,,,,,,,,,,,,,,o,,,,,,,,,o,o,,,,,,,,,,,,,,,,,,,,,,,,,,,,,,,,,,,,,,,,,,,,,,,,,,,,,,,,,,,,,,,,,,,,,,,,,,,,,,,,,,,,,,,,,,,,o,o,,,,,,,
nar:icon,Y,1,Y,Y,Y,Y,Y,Y,N,,,,,,,,,,,,,,,,,,,,,,,,,,,,,,,o,o,o,o,o,,,,,,,o,o,o,o,,,,,o,o,o,,,,,,,,,,,,o,o,o,,,,,,,,,,,o,o,o,o,o,o,,,o,,,,,,,,,,,,,,o,o,,,,,,,,,,,,o,o,,,,,,o,,o,o,,,,,,,,,,,,,,,,o,,,o,,,,,o,o,o,,,,,,,,,,,,,,,,,,,,,,o,,,,,,,,,,,,,,,,o,,,,,,,,,,,,,,o,,,,o,o,,,,,,,,,o,o,o,o,o,,,,
nar:im,N,1,Y,Y,Y,Y,Y,Y,N,,,,,,,,,,,,,,,,,,,,,,,,,,,,,,,,,,,,,,,,,,,,,,,,,,o,o,o,,,,,,,,,,,,,,,,,,,,,,,,,,,,o,o,,,,o,,,,,,,,,,,,,,,,,,,,,,,,,,,o,,,,,,,,,o,o,,,,,,,,,,,,,,,,,,,,,,,,,,,,,,o,,o,,,,,,,,,,,,,,,,,,,,,,,,,,,o,o,,,,,,,,,,,,,,,,,,,,,,,,,,,,,,,,o,o,,,,,,,
nar:incomingFeedId,Y,1,Y,Y,Y,Y,Y,Y,N,,,,,,,,,,,,,,,,,,,,,,,,,,,,,,,,,,,,,,,,,,,,,,,,,,o,o,o,,,,,,,,,,,,,,,,,,,,,,,,,,,,o,o,,,,o,,,,,,,,,,,,,,,,,,,,,,,,,,,o,,,,,,,,,o,o,o,,,,,,,,,,,,,,,,,,,,,,,,,,,,,o,,o,,,,,,,,,,,,,,,,,,,,,,,,,,,,,,,,,,,,o,,,,,,,,,,,,,,,,,,,,,,,,o,o,,,,,,,
nar:infoSource,Y,1,Y,Y,Y,Y,Y,Y,N,,,,,,,,,,,,,,,,,,,,,,,,,,,,,,,,,,,,,,,,,,,,,,,,,,o,o,o,,o,,,,,,,,,,,,,,,,,,,,,,,,,,o,o,,,,o,,,,,,,,,,,,,,,,,o,,,,,,,,,,o,,,,,,,,,o,o,o,,,,,,,,,,,,,,,,,,,,,,,,,,,,,o,,o,,,,,,,,,,,,,,,,,,,,,,,,,,,,,,,,,o,o,,o,,,,,,,,,,,,,,,,,,,,,,,,o,o,,,,,,,
nar:inline,Y,1,Y,Y,Y,Y,Y,Y,Y,,,,,,,,,,,,,,,,,,,,,,,,,,,,,,o,,,,,,,o,,,,,,,,,,,,,o,o,o,o,o,,,,,,,,,,,,,,,,,,,,,,,,,,o,o,,,,o,,,,,,,,,,,,,,,,,o,,,,,,,,,,o,,,,,,,,,o,o,o,,,,,,,,,,,,,o,,,,,,,,,,,,,,,,,,,,,,,,,,,,,,,,,,,,,,,,,,,,,,,,,,,o,o,,o,,,,,,,,,,,,,,,,,,,,,,,,o,o,,,,,,,
nar:inlineData,N,1,Y,N,N,N,N,N,N,,,,,,,,,,o,o,o,o,o,o,o,o,,,,,,,,,,,o,,,o,o,o,o,o,,,,,,,o,o,o,o,,,,,o,o,o,,o,o,o,o,o,o,,,,,o,o,o,,,o,o,,,,o,,,o,o,o,o,o,,,,o,,,,,,,,,,,,,,o,o,o,,,,,,,,,,,o,o,,o,,,,,,,,,,,,,,,,,,,,,,,o,,,o,,,,,,,,o,,,,,,,,,,,,,,,,,,,,,,,,,,,,,,,,,,,,,,,,,,,,,,,,,,,,,o,o,o,o,o,o,o,o,o,o,o,o,o,o,o,o,o,,o,,
nar:inlineRef,Y,1,Y,Y,Y,Y,Y,N,N,,,,,,,,,,,,,,,,,,,,,,,,,,,,,,,,,,,,,o,,,,,,,,,,,,,o,o,o,o,o,,,,,,,,,,,,,,,,,,,,,,,,,,o,o,,,,o,,,,r,,,,,,,,,,,,,o,,,,,,,,,,o,,,,,,,,,o,o,o,,,,,,,,,,,,,o,,,,,,,,,,,,,,,,,,,,,,,,,,,,,,,,,,,,,,,,,,,,,,,,,,,o,o,,o,,,,,,,,,,,,,,,,,,,,,,,,o,o,,,,,,,
nar:inlineXML,N,1,Y,N,N,N,N,N,N,,,,,,,,,,o,o,o,o,o,o,o,o,,,,,,,,,,,o,,,o,o,o,o,o,,,,,,,o,o,o,o,,,,,o,o,o,,o,o,o,o,,,,,,,o,o,o,,,o,o,,,,o,,,o,o,o,o,o,,,,o,,,,,,,,,,,,,,o,o,o,,,,,,,,,,,o,o,,o,,,,,,,,,,,,,,,,,,,,,,,o,,,o,,,,,,,,o,,,,,,,,,,,,,,,,,,,,,,,,,,,,,,,,,,,,,,,,,,,,,,,,,,,,,o,o,o,o,o,o,o,o,o,o,o,o,o,o,o,o,o,,o,,
nar:instanceOf,Y,1,Y,Y,Y,Y,Y,Y,N,,,,,,,,,,,,,,,,,,,,,,,,,,,,,,,,,,,,,,,,,,,,,,,,,,o,o,o,,o,,,,,,,,,,,,,,,,,,,,,,,,,,o,o,,,,o,,,,,,,,,,,,,,,,,o,,,,,,,,,,o,,,,,,,,,o,o,o,,,,,,,,,,,,,,,,,,,,,,,,,,,,,,,,,,,,,,,,,,,,,,,,,,,,,,,,,,,,,,,,o,o,,o,,,,,,,,,,,,,,,,,,,,,,,,o,o,,,,,,,
nar:itemClass,Y,1,Y,Y,Y,Y,Y,Y,N,,,,,,,,,,,,,,,,,,,,,,,,,,,,,,,,,,,,,,,,,,,,,,,,,,o,o,o,,o,,,,,,,,,,,,,,,,,,,,,,,,,,o,o,,,,o,,,,,,,,,,,,,,,,,,,,,,,,,,,o,,,,,,,,,o,o,o,,,,,,,,,,,,,,,,,,,,,,,,,,,,,,,,,,,,,,,,,,,,,,,,,,,,,,,,,,,,,,,,,,,o,,,,,,,,,,,,,,,,,,,,,,,,o,o,,,,,,,
nar:itemCount,N,1,N,N,Y,Y,Y,N,N,,,,,,,,,,,,,,,,,,,,,,,,,,,,,,,,,,,,,,,,,,,,,,,,,,o,o,o,,,,,,,,,,,,,,,,,,,,,,,,,,,,o,o,,,,o,,,,,,,,,,,,,,,,,,,,,,,,,,,o,,,,,,,,,o,o,,,,,r,r,,,,,,,,,,,,,,,,,,,,,,,,,,,,,,,,,,,,,,,,,,,,,,,,,,,,,,,,,,,,,,,,,,,,,,,,,,,,,,,,,,,,,,o,o,,,,,,,
nar:itemMeta,Y,1,Y,Y,Y,Y,Y,Y,N,,,,,,,,,,,,,,,,,,,,,,,,,,,,,,,,,,,,,,,,,,,,,,,,,,o,o,o,,o,,,,,,,,,,,,,,,,,,,,,,,,,,o,o,,,,o,,,,,,,,,,,,,,,,,,,,,,,,,,,o,,,,,,,,,o,o,,,,,,,,,,,,,,,,,,,,,,,,,,,,,,,,,,,,,,,,,,,,,,,,,,,,,,,,,,,,,,,,,,,,,,,,,,,,,,,,,,,,,,,,,,,,o,o,,,,,,,
nar:itemMetaExtProperty,Y,1,Y,Y,Y,Y,Y,Y,N,,,,,,,,,,,,,,,,,,,,,,,,,,,,,,,,,,,,,,,,,,,,,,,,,,o,o,o,,o,,,,,,,,,,,,,,,,,,,,,,,,,,o,o,,,,o,,,,,,,,,,,,,,,,,o,,,,,,,,,,o,,,,,,,,,o,o,o,,,,,,,,,,,,o,,o,,,,,,,,,,,,,,,,,,,,,,,,,,,,,,,,,,,,,,,,,,,,,,,,,,o,o,,o,,,,o,o,o,o,o,o,,,,,,,,,,,,,,,o,o,,,,,,,
nar:itemRef,N,1,N,Y,N,N,N,N,N,,,,,,,,,,,,,,,,,,,,,,,,,,,,,,,,,,,,,,,,,,o,o,o,o,,,,,o,o,o,,o,,,,,,,,,,o,o,o,,,,,,,o,,,,,,,o,o,o,,o,o,,,,,,,,,,,,,,,,,,,,,,,,,,,o,,,,,,,o,,o,o,,,,,,,o,,,,,,o,,o,,,,,,,,,o,o,o,,,,,,,,,,,,,,,,,,,,,,o,,,,,,,,,,,,,,,,o,,,,,,,,o,o,,,,,o,,,,,,,,,,,,,,o,o,,,,,,,
nar:itemSet,N,1,N,N,N,N,N,N,Y,,,,,,,,,,,,,,,,,,,,,,,,,,,,,,,,,,,,,,,,,,,,,,,,,,o,o,o,,,,,,,,,,,,,,,,,,,,,,,,,,,,o,o,,,,o,,,,,,,,,,,,,,,,,,,,,,,,,,,o,,,,,,,,,o,o,,,,,,,,,,,,,,,,,,,,,,,,,,,,,,,,,,,,,,,,,,,,,,,,,,,,,,,,,,,,,,,,,,,,,,,,,,,,,,,,,,,,,,,,,,,,o,o,,,,,,,
nar:keyword,Y,1,Y,Y,Y,Y,Y,Y,N,,,,,,,,,,,,,,,,,,,,,,,,,,,,,,,,,,,,,o,,,,,,,,,,,,,o,o,o,,o,,,,,,,,,,,,,,,,,,,,,,,,,,o,o,,,,o,,,,,,,,,,,,,,,,,,,,,,,,,,,o,,,,,,,,,o,o,,,,,,,o,,,,,,,o,,,,,,,,,,,,,,,,o,,o,,,,,,,,,,,,,,,,,,,,,,,,,,,,,,,,,,,,,,,,,,,,,,,,,,,,,,,,,,,,o,o,,,,,,,
nar:knowledgeItem,Y,1,N,N,N,N,Y,N,N,,,,,,,,,,,,,,,,,,,,,,,,,,,,,,,,,,,,,,,,o,,,,,,,,,,,,,,o,,,,,,,,,,,,,,,,,,r,,,,,,,,,,,,,,,,,,,,,,,,,,,,,,,,,,,,,,,,,,,,,,,,,,,,,,,,,,,,,,,,,,,,,,,,,,,,,,,,,,,,,,,,,,,,,,,,,,,,r,r,,,,,,,,,,,,,,,,,,,,,,,,,,,o,,,,,,,,,,,,,,,,,,,,,,
nar:language,Y,1,Y,Y,Y,Y,Y,Y,N,,,,,,,,,,,,,,,,,,,,,,,,,,,,,,,,,,,,,,,,,,,,,,,,,,o,o,o,,,,,,,,,,,,,,,,,,,,,,,,,,,,o,o,,,,o,,,,,,,,,,,,,,,,,,,,,,,,,,,o,,,,,,,,,o,o,,,,,,,o,,,,,,,,,,,,,,,,,,,,,,,o,,o,,,,,,,,,,,,,,,,,,,,,,,,r,,,,,,,,,,,,,,,,,,,,,,,,,,,,,,,,,,,,o,o,,,,,,,
nar:line,N,2,Y,Y,Y,Y,Y,Y,N,,,,,,,,,,,,,,,,,,,,,,,,,,,,,,,,,,,,,,,,,,,,,,,,,,o,o,o,,o,,,,,,,,,,,,,,,,,,,,,,,,,,o,o,,,,o,,,,,,,,,,,,,,,,,,,,,,,,,,,o,,,,,,,,,o,o,,,,,,,,,,,,,,,,,,,,,,,,,,,,,,o,,o,,,,,,,,,,,,,,,,,,,,,,,,,,,,,,,,,,,,,,,,,,,,,,,,,,,,,,,,,,,,o,o,,,,,,,
nar:link,Y,1,Y,Y,Y,Y,Y,Y,N,,,,,,,,,,,,,,,,,,,,,,,,,,,,,,,,,,,,,,,,,,o,o,o,o,,,,,o,o,o,,o,,,,,,,,,,o,o,o,,,,,,,o,,,,,,,o,o,o,,o,o,,,,,,,,,,,,,,,,,,,,,,,,,,,o,,,,,,,o,,o,o,,,,,,,o,,,,,,o,,o,,,,,,,,,o,o,o,,,,,,,,,,,,,,,,,,,,,,o,,,,,,,,,,,,,,,,o,,,,,,,,o,o,,,,,o,,,,,,,,,,,,,,o,o,,,,,,,
nar:locality,N,1,Y,Y,Y,Y,Y,Y,N,,,,,,,,,,,,,,,,,,,,,,,,,,,,,,,,,,,,,,,,,,,,,,,,,,o,o,o,,o,,,,,,,,,,,,,,,,,,,,,,,,,,o,o,,,,o,,,,,,,,,,,,,,,,,o,,,,,,,,,,o,,,,,,,,,o,o,o,,,,,,,,,,,,,,,,,,,,,,,,,,,,,o,,o,,,,,,,,,,,,,,,,,,,,,,,,,,,,,,,,,o,o,,o,,,,,,,,,,,,,,,,,,,,,,,,o,o,,,,,,,
nar:located,Y,1,Y,Y,Y,Y,Y,Y,N,,,,,,,,,,,,,,,,,,,,,,,,,,,,,,,,,,,,,,,,,,,,,,,,,,o,o,o,,o,,,,,,,,,,,,,,,,,,,,,,,,,,o,o,,,,o,,,,,,,,,,,,,,,,,o,,,,,,,,,,o,,,,,,,,,o,o,o,,,,,,,,,,,,,,,,,,,,,,,,,,,,,,,,,,,,,,,,,,,,,,,,,,,,,,,,,,,,,,,,o,o,,o,,,,,,,,,,,,,,,,,,,,,,,,o,o,,,,,,,
nar:location,N,2,Y,Y,Y,Y,Y,Y,N,,,,,,,,,,,,,,,,,,,,,,,,,,,,,,,,,,,,,,,,,,,,,,,,,,o,o,o,,o,,,,,,,,,,,,,,,,,,,,,,,,,,o,o,,,,o,,,,,,,,,,,,,,,,,o,,,,,,,,,,o,,,,,,,,,o,o,o,,,,,,,,,,,,,,,,,,,,,,,,,,,,,o,,o,,,,,,,,,,,,,,,,,,,,,,,,,,,,,,,,,o,o,,o,,,,,,,,,,,,,,,,,,,,,,,,o,o,,,,,,,
nar:mainConcept,Y,1,Y,Y,Y,Y,Y,Y,N,,,,,,,,,,,,,,,,,,,,,,,,,,,,,,,,,,,,,,,,,,,,,,,,,,o,o,o,,o,,,,,,,,,,,,,,,,,,,,,,,,,,o,o,,,,o,,,,,,,,,,,,,,,,,o,,,,,,,,,,o,,,,,,,,,o,o,o,,,,,,o,,,,,,o,,o,,,,,,,,,,,,,,,,,,,,,,,,,,,,,,,,,,,,,,,,,,,,,,,,,,o,o,,o,,,,o,o,,,,,,,,,,,,,,,,,,,o,o,,,,,,,
nar:memberOf,Y,1,Y,Y,Y,Y,Y,Y,N,,,,,,,,,,,,,,,,,,,,,,,,,,,,,,,,,,,,,,,,,,,,,,,,,,o,o,o,,o,,,,,,,,,,,,,,,,,,,,,,,,,,o,o,,,,o,,,,,,,,,,,,,,,,,o,,,,,,,,,,o,,,,,,,,,o,o,o,,,,,,,,,,,,,,,,,,,,,,,,,,,,,,,,,,,,,,,,,,,,,,,,,,,,,,,,,,,,,,,,o,o,,o,,,,,,,,,,,,,,,,,,,,,,,,o,o,,,,,,,
nar:metadataCreator,Y,1,Y,Y,Y,Y,Y,Y,N,,,,,,,,,,,,,,,,,,,,,,,,,,,,,,,,,,,,,,,,,,,,,,,,,,o,o,o,,o,,,,,,,,,,,,,,,,,,,,,,,,,,o,o,,,,o,,,,,,,,,o,o,,,,,,,o,,,,,,,,,,o,,,,,,,,,o,o,o,,,,,,,,,,,,,,,,,,,,,,,,,,,,,o,,o,,,,,,,,,,,,,,,,,,,,,,,,,,,,,,,,,o,o,,o,,,,,,,,,,,,,,,,,,,,,,,,o,o,,,,,,,
nar:name,Y,2,Y,Y,Y,Y,Y,Y,Y,,,,,,,,,,,,,,,,,,,,,,,,,,,,,,,,,,,,,,,,,,,,,,,,,,o,o,o,,o,,,,,,,,,,,,,,,,,,,,,,,,,,o,o,,,,o,,,,,,,,,,,,,,,,,,,,,,,,,,,o,,,,o,,o,,,o,o,,,,,,,,,,,,,,,,,,,,,,,,,,,,,,o,,o,,,,,,,,,,,,,,,,,,,,,,,,,,,,,,,,,,,,,,,,o,o,,,,,,,,,,,,,,,,,,,o,o,,,,,,,
nar:narrower,Y,1,Y,Y,Y,Y,Y,Y,Y,,,,,,,,,,,,,,,,,,,,,,,,,,,,,,,,,,,,,,,,,,,,,,,,,,o,o,o,,o,,,,,,,,,,,,,,,,,,,,,,,,,,o,o,,,,o,,,,,,,,,,,,,,,,,o,,,,,,,,,,o,,,,,,,,,o,o,o,,,,,,o,,,,,,o,,o,,,,,,,,,,,,,,,,,,,,,,,,,,,,,,,,,,,,,,,,,,,,,,,,,,o,o,,o,,,,o,o,,,,,,,,,,,,,,,,,,,o,o,,,,,,,
nar:newsContentCharacteristics,N,1,N,N,Y,Y,Y,N,N,,,,,,,,,,o,o,o,o,o,o,o,o,,,,,,,,,,,o,,,o,o,o,o,o,,,,,,,o,o,o,o,,,,,o,o,o,,,o,o,o,,,,,,,o,o,o,,,,,,,,,,,o,o,o,o,o,,,,o,,,,,,,,,,,,,,o,o,o,,,,,,,,,,,o,o,,o,,,,,,o,o,,,,,,,,,,,,,,,,,,,,,,,,,,,o,,,,,,,,,,,,,,,,,,,,,,,,,,,,,,,,,,,,,,,,,,,,,,,,,,,,,o,o,o,o,o,o,o,o,o,o,o,o,o,o,o,o,o,,o,,
nar:newsCoverage,Y,2,N,N,Y,Y,Y,N,N,,,,,,,,,,,,,,,,,,,,,,,,,,,,,,,,,,,,,,,,,,,,,,,,,,o,o,o,,,,,,,,,,,,,,,,,,,,,,,,,,,,o,o,,,,o,,,,,,,,,,,,,,,,,,,,,,,,,,,o,,,,,,,,,,,,,,,,,,,,,,,,,,,,,,,,,,,,,,,,o,,o,,,,,,,,,,,,,,,,,,,,,,,,,,,,,,,,,,,,,,,,,,,,,,,,,,,,,,,,,,,,o,o,,,,,,,
nar:newsCoverageExtProperty,N,1,N,N,Y,Y,Y,N,N,,,,,,,,,,,,,,,,,,,,,,,,,,,,,,,,,,,,,,,,,,,,,,,,,,o,o,o,,o,,,,,,,,,,,,,,,,,,,,,,,,,,o,o,,,,o,,,,,,,,,,,,,,,,,o,,,,,,,,,,o,,,,,,,,,o,o,o,,,,,,,,,,,,o,,o,,,,,,,,,,,,,,,,,,,,,,,,,,,,,,,,,,,,,,,,,,,,,,,,,,o,o,,o,,,,o,o,o,o,o,o,,,,,,,,,,,,,,,o,o,,,,,,,
nar:newsCoverageSet,Y,1,N,N,Y,N,N,N,N,,,,,,,,,,,,,,,,,,,,,,,,,,,,,,,,,,,,,,,,,,,,,,,,,,o,o,o,,,,,,,,,,,,,,,,,,,,,,,,,,,,o,o,,,,o,,,,,,,,,,,,,,,,,,,,,,,,,,,o,,,,,,,,,o,o,,,,,,,,,,,,,,,,,,,,,,,,,,,,,,,,,,,,,,,,,,,,,,,,,,,,,,,,,,,,,,,,,,,,,,,,,,,,,,,,,,,,,,,,,,,,o,o,,,,,,,
nar:newsCoverageStatus,N,1,N,N,N,Y,Y,N,N,,,,,,,,,,,,,,,,,,,,,,,,,,,,,,,,,,,,,,,,,,,,,,,,,,o,o,o,,o,,,,,,,,,,,,,,,,,,,,,,,,,,o,o,,,,o,,,,,,,,,,,,,,,,,,,,,,,,,,,o,,,,,,,,,o,o,o,,,,,,,,,,,,,,,,,,,,,,,,,,,,,,,,,,,,,,,,,,,,,,,,,,,,,,,,,,,,,,,,,,,o,,,,,,,,,,,,,,,,,,,,,,,,o,o,,,,,,,
nar:newsItem,Y,1,Y,N,N,N,N,N,N,,,,,,,,,,,,,,,,,,,,,,,,,,,,,,,,,,,,,,,,o,,,,,,,,,,,,,,o,,,,,,,,,,,,,,,,,,r,,,,,,,,,,,,,,,,,,,,,,,,,,,,,,,,,,,,,,,,,,,,,,,,,,,,,,,,,,,,,,,,,,,,,,,,,,,,,,,,,,,,,,,,,,,,,,,,,,,,r,r,,,,,,,,,,,,,,,,,,,,,,,,,,,o,,,,,,,,,,,,,,,,,,,,,,
nar:newsMessage,Y,1,N,N,N,N,N,N,Y,,,,,,,,,,,,,,,,,,,,,,,,,,,,,,,,,,,,,,,,,,,,,,,,,,,,,,,,,,,,,,,,,,,,,,,,,,,,,,,,,,,,,,,,,,,,,,,,,,,,,,,,,,,,,,,,,,,,,,,,,,,,,,,,,,,,,,,,,,,,,,,,,,,,,,,,,,,,,,,,,,,,,,,,,,,,,,,,,,,,,,,,,,,,,,,,,,,,,,,,,,,,,,,,,,,,,,,,,,,,,,
nar:note,Y,1,Y,Y,Y,Y,Y,Y,Y,,,,,,,,,,,,,,,,,,,,,,,,,,,,,,,,,,,,,,,,,,,,,,,,,,o,o,o,,o,,,,,,,,,,,,,,,,,,,,,,,,,,o,o,,,,o,,,,,,,,,,,,,,,,,,,,,,,,o,,,o,,,,,,,,,o,o,,,,,,,,,,,,,,,,,,,,,,,,,,,,,,o,,o,,,,,,,,,,,,,,,,,,,,,,,,,,,,,,,,,,,,,,,,o,o,,,,,,,,,,,,,,,,,,,o,o,,,,,,,
nar:objectDetails,Y,1,N,N,N,Y,Y,N,N,,,,,,,,,,,,,,,,,,,,,,,,,,,,,,,,,,,,,,,,,,,,,,,,,,o,o,o,,,,,,,,,,,,,,,,,,,,,,,,,,,,o,o,,,,o,,,,,,,,,,,,,,,,,,,,,,,,,,,o,,,,,,,,,o,o,,,,,,,,,,,,,,,,,,,,,,,,,,,,,,,,,,,,,,,,,,,,,,,,,,,,,,,,,,,,,,,,,,,,,,,,,,,,,,,,,,,,,,,,,,,,o,o,,,,,,,
nar:occurStatus,N,1,N,N,N,Y,Y,N,N,,,,,,,,,,,,,,,,,,,,,,,,,,,,,,,,,,,,,,,,,,,,,,,,,,o,o,o,,o,,,,,,,,,,,,,,,,,,,,,,,,,,o,o,,,,o,,,,,,,,,,,,,,,,,,,,,,,,,,,o,,,,,,,,,o,o,o,,,,,,,,,,,,,,,,,,,,,,,,,,,,,,,,,,,,,,,,,,,,,,,,,,,,,,,,,,,,,,,,,,,o,,,,,,,,,,,,,,,,,,,,,,,,o,o,,,,,,,
nar:openHours,N,1,Y,Y,Y,Y,Y,Y,N,,,,,,,,,,,,,,,,,,,,,,,,,,,,,,,,,,,,,,,,,,,,,,,,,,o,o,o,,o,,,,,,,,,,,,,,,,,,,,,,,,,,o,o,,,,o,,,,,,,,,,,,,,,,,,,,,,,,o,,,o,,,,,,,,,o,o,,,,,,,,,,,,,,,,,,,,,,,,,,,,,,o,,o,,,,,,,,,,,,,,,,,,,,,,,,,,,,,,,,,,,,,,,,,,,,,,,,,,,,,,,,,,,,o,o,,,,,,,
nar:organisationDetails,Y,1,Y,Y,Y,Y,Y,Y,N,,,,,,,,,,,,,,,,,,,,,,,,,,,,,,,,,,,,,,,,,,,,,,,,,,o,o,o,,,,,,,,,,,,,,,,,,,,,,,,,,,,o,o,,,,o,,,,,,,,,,,,,,,,,,,,,,,,,,,o,,,,,,,,,o,o,,,,,,,,,,,,,,,,,,,,,,,,,,,,,,,,,,,,,,,,,,,,,,,,,,,,,,,,,,,,,,,,,,,,,,,,,,,,,,,,,,,,,,,,,,,,o,o,,,,,,,
nar:organiser,N,1,N,N,N,Y,Y,N,N,,,,,,,,,,,,,,,,,,,,,,,,,,,,,,,,,,,,,,,,,,,,,,,,,,o,o,o,,o,,,,,,,,,,,,,,,,,,,,,,,,,,o,o,,,,o,,,,,,,,,,,,,,,,,o,,,,,,,,,,o,,,,,,,,,o,o,o,,,,,,,,,,,,,,,,,,,,,,,,,,,,,o,,o,,,,,,,,,,,,,,,,,,,,,,,,,,,,,,,,,o,o,,o,,,,,,,,,,,,,,,,,,,,,,,,o,o,,,,,,,
nar:origRep,Y,1,Y,Y,Y,Y,Y,Y,N,o,o,,,,,,,,,,,,,,,,,,,,,,,,,,,,,,,,,,,,,,,,,,,,,,,,o,o,o,,,,,,,,,,,,,,,,,,,,,,,,,,,,o,o,,,,o,,,,,,,,,,,,,,,,,,,,,,,,,,,o,,,,,,,,,o,o,,,,,,,,,,,,,,,,,,,,o,o,,,,,,,,,,,,,,,,,,,,,,,,,,,,,,,,,,,,,,,,,,,,,,,,,,,,,,,,,,,,,,,,,,,,,,,o,o,,,,,,,
nar:origin,N,1,N,N,N,N,N,N,Y,,,,,,,,,,,,,,,,,,,,,,,,,,,,,,,,,,,,,,,,,,,,,,,,,,o,o,o,,,,,,,,,,,,,,,,,,,,,,,,,,,,o,o,,,,o,,,,,,,,,,,,,,,,,o,,,,,,,,,,o,,,,,,,,,o,o,o,,,,,,,,,,,,,,,,,,,,,,,,,,,,,o,,o,,,,,,,,,,,,,,,,,,,,,,,,,,,,,,,,,o,o,,o,,,,,,,,,,,,,,,,,,,,,,,,o,o,,,,,,,
nar:packageItem,Y,1,N,Y,N,N,N,N,N,,,,,,,,,,,,,,,,,,,,,,,,,,,,,,,,,,,,,,,,o,,,,,,,,,,,,,,o,,,,,,,,,,,,,,,,,,r,,,,,,,,,,,,,,,,,,,,,,,,,,,,,,,,,,,,,,,,,,,,,,,,,,,,,,,,,,,,,,,,,,,,,,,,,,,,,,,,,,,,,,,,,,,,,,,,,,,,r,r,,,,,,,,,,,,,,,,,,,,,,,,,,,o,,,,,,,,,,,,,,,,,,,,,,
nar:partMeta,Y,1,Y,Y,N,N,Y,N,N,,,,,,,,,,,,,,,,,,,,,,,,,,,,,,,,,,,,,,,,,o,,,,,,,,,o,o,o,,o,,,,,,,,,,,,,,,,,,,,,,,,,,o,o,,,,,,,,,,,,,,,,,,,,,,,,,,,,,,,o,,,,,o,,,,,,,,,,,,,,,,,,,,,,,,,,,,,,,,,,,,,,,,,,,,,,,,,o,,,,,,,,,,,,,,,,,,,,,,,,,,,,,,,,,,,,,,,,,,,,,,,,o,o,,,,,,,
nar:partMetaExtProperty,N,1,Y,Y,N,N,Y,N,N,,,,,,,,,,,,,,,,,,,,,,,,,,,,,,,,,,,,,,,,,,,,,,,,,,o,o,o,,o,,,,,,,,,,,,,,,,,,,,,,,,,,o,o,,,,o,,,,,,,,,,,,,,,,,o,,,,,,,,,,o,,,,,,,,,o,o,o,,,,,,,,,,,,o,,o,,,,,,,,,,,,,,,,,,,,,,,,,,,,,,,,,,,,,,,,,,,,,,,,,,o,o,,o,,,,o,o,o,o,o,o,,,,,,,,,,,,,,,o,o,,,,,,,
nar:participant,N,1,N,N,N,Y,Y,N,N,,,,,,,,,,,,,,,,,,,,,,,,,,,,,,,,,,,,,,,,,,,,,,,,,,o,o,o,,o,,,,,,,,,,,,,,,,,,,,,,,,,,o,o,,,,o,,,,,,,,,,,,,,,,,o,,,,,,,,,,o,,,,,,,,,o,o,o,,,,,,,,,,,,,,,,,,,,,,,,,,,,,o,,o,,,,,,,,,,,,,,,,,,,,,,,,,,,,,,,,,o,o,,o,,,,,,,,,,,,,,,,,,,,,,,,o,o,,,,,,,
nar:participationRequirement,N,1,N,N,N,Y,Y,N,N,,,,,,,,,,,,,,,,,,,,,,,,,,,,,,,,,,,,,,,,,,,,,,,,,,o,o,o,,o,,,,,,,,,,,,,,,,,,,,,,,,,,o,o,,,,o,,,,,,,,,,,,,,,,,o,,,,,,,,,,o,,,,,,,,,o,o,o,,,,,,,,,,,,,,,,,,,,,,,,,,,,,o,,o,,,,,,,,,,,,,,,,,,,,,,,,,,,,,,,,,o,o,,o,,,,,,,,,,,,,,,,,,,,,,,,o,o,,,,,,,
nar:party,N,1,Y,Y,Y,Y,Y,Y,N,,,,,,,,,,,,,,,,,,,,,,,,,,,,,,,,,,,,,,,,,,,,,,,,,,o,o,o,,o,,,,,,,,,,,,,,,,,,,,,,,,,,o,o,,,,o,,,,,,,,,,,,,,,,,o,,,,,,,,,,o,,,,,,,,,o,o,o,,,,,,,,,,,,,,,,,,,,,,,,,,,,,,,,,,,,,,,,,,,,,,,,,,,,,,,,,,,,,,,,o,o,,o,,,,,,,,,,,,,,,,,,,,,,,,o,o,,,,,,,
nar:personDetails,Y,1,Y,Y,Y,Y,Y,Y,N,,,,,,,,,,,,,,,,,,,,,,,,,,,,,,,,,,,,,,,,,,,,,,,,,,o,o,o,,,,,,,,,,,,,,,,,,,,,,,,,,,,o,o,,,,o,,,,,,,,,,,,,,,,,,,,,,,,,,,o,,,,,,,,,o,o,,,,,,,,,,,,,,,,,,,,,,,,,,,,,,,,,,,,,,,,,,,,,,,,,,,,,,,,,,,,,,,,,,,,,,,,,,,,,,,,,,,,,,,,,,,,o,o,,,,,,,
nar:phone,N,1,Y,Y,Y,Y,Y,Y,N,,,,,,,,,,,,,,,,,,,,,,,,,,,,,,,,,,,,,,,,,,,,,,,,,,o,o,o,,,,,,,,,,,,,,,,,,,,,,,,,,,,o,o,,,,o,,,,,,,,,,,,,,,,,,,,,,,,,,,o,,,,,,,,,o,o,,,,,,,,,,,,,,,,,,,,,,,,,,,,,,o,,o,,,,,,,,,,,,,,,,,,,,,,,,,,,o,o,,,,,,,,,,,,,,,,,,,,,,,,,,,,,,,,o,o,,,,,,,
nar:planning,N,1,N,N,Y,Y,Y,N,N,,,,,,,,,,,,,,,,,,,,,,,,,,,,,,,,,,,,,,,,,,,,,,,o,o,,o,o,o,,,,,,,,,,,,,,,,,,,,,,,,,,,,o,o,,,,o,,,,,,,,,,,,,,,,,,,,,,,,,,,o,,,,,,,,,o,o,,,,,,,,,,,,,,,,,,,,,,,,,,,,,,,,,,,,,,,,,,,,,,,,,,,,,,,,,,,,,,,,,,,,,,,,,,,,,,,,,,,,,,,,,,,,o,o,,,,,,,
nar:planningExtProperty,N,1,N,N,Y,Y,Y,N,N,,,,,,,,,,,,,,,,,,,,,,,,,,,,,,,,,,,,,,,,,,,,,,,,,,o,o,o,,o,,,,,,,,,,,,,,,,,,,,,,,,,,o,o,,,,o,,,,,,,,,,,,,,,,,o,,,,,,,,,,o,,,,,,,,,o,o,o,,,,,,,,,,,,o,,o,,,,,,,,,,,,,,,,,,,,,,,,,,,,,,,,,,,,,,,,,,,,,,,,,,o,o,,o,,,,o,o,o,o,o,o,,,,,,,,,,,,,,,o,o,,,,,,,
nar:planningItem,Y,1,N,N,Y,N,N,N,N,,,,,,,,,,,,,,,,,,,,,,,,,,,,,,,,,,,,,,,,o,,,,,,,,,,,,,,o,,,,,,,,,,,,,,,,,,r,,,,,,,,,,,,,,,,,,,,,,,,,,,,,,,,,,,,,,,,,,,,,,,,,,,,,,,,,,,,,,,,,,,,,,,,,,,,,,,,,,,,,,,,,,,,,,,,,,,,r,r,,,,,,,,,,,,,,,,,,,,,,,,,,,o,,,,,,,,,,,,,,,,,,,,,,
nar:polygon,N,1,Y,Y,Y,Y,Y,Y,N,,,,,,,,,,,,,,,,,,,,,,,,,,,,,,,,,,,,,,,,,,,,,,,,,,o,o,o,,,,,,,,,,,,,,,,,,,,,,,,,,,,o,o,,,,o,,,,,,,,,,,,,,,,,,,,,,,,,,,o,,,,,,,,,o,o,,,,,,,,,,,,,,,,,,,,,,,,,,,,,,,,,,,,,,,,,,,,,,,,,,,,,,,,,,,,,,,,,,,,,,,,,,,,,,,,,,,,,,,,,,,,o,o,,,,,,,
nar:position,Y,2,Y,Y,Y,Y,Y,Y,N,,,,,o,,,,,,,,,,,,,,,,,,,,,,,,,,,,,,,,,,,,,,,,,,,,,o,o,o,,,,,,,,,,,,,,,,,,,o,,,,,,,,,o,o,,,,o,,,,,,,,,,,,,r,,,,,r,,,,,,,,,o,,,,,,,,,o,o,,,,,,,,,,,,,,,,,,,,,,,,,,,,,,,,,,,,,,,,,,,,,,,,,,,,,,,,,,,,,,,,,,,,,,,,,,,,,,,,,,,,,,,,,,,,o,o,,,,,,,
nar:postalCode,N,1,Y,Y,Y,Y,Y,Y,N,,,,,,,,,,,,,,,,,,,,,,,,,,,,,,,,,,,,,,,,,,,,,,,,,,o,o,o,,o,,,,,,,,,,,,,,,,,,,,,,,,,,o,o,,,,o,,,,,,,,,,,,,,,,,,,,,,,,,,,o,,,,,,,,,o,o,,,,,,,,,,,,,,,,,,,,,,,,,,,,,,,,,,,,,,,,,,,,,,,,,,,,,,,,,,,,,,,,,,,,,,,,,,,,,,,,,,,,,,,,,,,,o,o,,,,,,,
nar:priority,N,1,N,N,N,N,N,N,Y,,,,,,,,,,,,,,,,,,,,,,,,,,,,,,,,,,,,,,,,,,,,,,,,,,o,o,o,,,,,,,,,,,,,,,,,,,,,,,,,,,,o,o,,,,o,,,,,,,,,,,,,,,,,,,,,,,,,,,o,,,,,,,,,o,o,,,,,,,,,,,,,,,,,,,,,,,,,,,,,,,,,,,,,,,,,,,,,,,,,,,,,,,,,,,,,,,,,,,,,,,,,,,,,,,,,,,,,,,,,,,,o,o,,,,,,,
nar:profile,Y,1,Y,Y,Y,Y,Y,Y,N,,,,,,,,,,,,,,,,,,,,,,,,,,,,,,,,,,,,,,,,,,,,,,,,,,o,o,o,,o,,,,,,,,,,,,,,,,,,,,,,,,,,o,o,,,,o,,,,,,,,,,,,,,,,,,,,,,,,,,,o,,,,,,,,,o,o,,,,,,,,,,,,,,,,,,,,,,,,,,,,,,,,,,,,,,,,,,,,,,,,,,,,,,,,,,,,,,,,,,,,,,,,,,,,,,,o,,,,,,,,,,,,,o,o,,,,,,,
nar:provider,Y,1,Y,Y,Y,Y,Y,Y,N,,,,,,,,,,,,,,,,,,,,,,,,,,,,,,,,,,,,,,,,,,,,,,,,,,o,o,o,,o,,,,,,,,,,,,,,,,,,,,,,,,,,o,o,,,,o,,,,,,,,,,,,,,,,,o,,,,,,,,,,o,,,,,,,,,o,o,o,,,,,,,,,,,,,,,,,,,,,,,,,,,,,,,,,,,,,,,,,,,,,,,,,,,,,,,,,,,,,,,,o,o,,o,,,,,,,,,,,,,,,,,,,,,,,,o,o,,,,,,,
nar:pubHistory,Y,1,Y,Y,Y,Y,Y,Y,N,,,,,,,,,,,,,,,,,,,,,,,,,,,,,,,,,,,,,,,,,,,,,,,,,,o,o,o,,,,,,,,,,,,,,,,,,,,,,,,,,,,o,o,,,,o,,,,,,,,,,,,,,,,,,,,,,,,,,,o,,,,,,,,,o,o,,,,,,,,,,,,,,,,,,,,,,,,,,,,,,,,,,,,,,,,,,,,,,,,,,,,,,,,,,,,,,,,,,,,,,,,,,,,,,,,,,,,,,,,,,,,o,o,,,,,,,
nar:pubStatus,Y,1,Y,Y,Y,Y,Y,Y,N,,,,,,,,,,,,,,,,,,,,,,,,,,,,,,,,,,,,,,,,,,,,,,,,,,o,o,o,,o,,,,,,,,,,,,,,,,,,,,,,,,,,o,o,,,,o,,,,,,,,,,,,,,,,,,,,,,,,,,,o,,,,,,,,,o,o,o,,,,,,,,,,,,,,,,,,,,,,,,,,,,,,,,,,,,,,,,,,,,,,,,,,,,,,,,,,,,,,,,,,,o,,,,,,,,,,,,,,,,,,,,,,,,o,o,,,,,,,
nar:published,N,1,Y,Y,Y,Y,Y,Y,N,,,,,,,,,,,,,,,,,,,,,,,,,,,,,,,,,,,,,,,,,,,,,,,,,,o,o,o,,,,,,,,,,,,,,,,,,,,,,,,,,,,o,o,,,,o,,,,,,,,,,,,,,,,,o,,,,,,,,,,o,,,,,,,,,o,o,o,,,,,,,,,,,,,,,,,,,,,,,,,,,,,,,,,,,,,,,,,,,,,,,,,,,,,,,,,,,,,,,,,,,o,,,,,,,,,,,,,,,,,,,,,,,,o,o,,,,,,,
nar:publishedExtProperty,N,1,Y,Y,Y,Y,Y,Y,N,,,,,,,,,,,,,,,,,,,,,,,,,,,,,,,,,,,,,,,,,,,,,,,,,,o,o,o,,o,,,,,,,,,,,,,,,,,,,,,,,,,,o,o,,,,o,,,,,,,,,,,,,,,,,o,,,,,,,,,,o,,,,,,,,,o,o,o,,,,,,,,,,,,o,,o,,,,,,,,,,,,,,,,,,,,,,,,,,,,,,,,,,,,,,,,,,,,,,,,,,o,o,,o,,,,o,o,o,o,o,o,,,,,,,,,,,,,,,o,o,,,,,,,
nar:rDate,N,1,N,N,N,Y,Y,N,N,,,,,,,,,,,,,,,,,,,,,,,,,,,,,,,,,,,,,,,,,,,,,,,,,,o,o,o,,,,,,,,,,,,,,,,,,,,,,,,,,,,o,o,,,,o,,,,,,,,,,,,,,,,,,,,,,,,,,,o,,,,,,,,,o,o,,,,,,,,,,,,,,,,,,,,,,,,,,,,,,,,,,,,,,,,,,,,,,,,,,,,,,,,,,,,,,,,,,,,,,,,,,,,,,,,,,,,,,,,,,,,o,o,,,,,,,
nar:rRule,N,1,N,N,N,Y,Y,N,N,,,,,,,,,,,,,,,,,,,o,o,o,o,o,o,o,o,o,,,,,,,,,,,,,,,,,,,o,,,,o,o,o,,,,,,,,,,,,,,,r,,,,,,,,,,,,,o,o,,,,o,,,,,,,,o,,,,,,,,,,,,,,,,,,,o,,,,,,,,,o,o,,,,,,,,,,,,,,,,,,,,,,,,,,,,,,,,,,,,,,,,,,,,,,,,,,,,,,,,,,,,,,,,,,,o,,,,,,,,,,,,,,,,,,,,,,,,,o,o,,,,o,,,
nar:rating,Y,1,Y,Y,Y,Y,Y,Y,N,,,,,,,,,,,,,,,,,,,,,,,,,,,,,,,,,,,,,,,,,,,,,,,,,,o,o,o,,,,,,,,,,,,,,,,,,,,,,,,,,,,o,o,,,,o,,,,,,,,,,,,,,,,,,,,,,,,,,,o,,,,,,,,,o,o,,,,,,,,o,o,o,o,o,,,,,,,,,,,,,,,,,,,,,,r,r,o,o,,,,,,,,,,,,,,,,,,,,,,,,,,,,,,,,,o,o,,,r,,,,,,,,,,,,,,,,,,o,o,,,,,,,
nar:rb,Y,1,Y,Y,Y,Y,Y,Y,Y,,,,,,,,,,,,,,,,,,,,,,,,,,,,,,,,,,,,,,,,,,,,,,,,,,,,,,,,,,,,,,,,,,,,,,,,,,,,,,,,,,,,,,,,,,,,,,,,,,,,,,,,,,,,,,,,,,,,,,,,,,,,,,,,,,,,,,,,,,,,,,,,,,,,,,,,,,,,,,,,,,,,,,,,,,,,,,,,,,,,,,,,,,,,,,,,,,,,,,,,,,,,,,,,,,,,,,,,,,,,,,
nar:regionDelim,N,1,Y,Y,N,N,Y,N,N,,,,,,,,,,,,,,,,,,,,,,,,,,,,,,,,,,,,,,,,,,,,,,,,,,o,o,o,,,,,,,,,,,,,,,,,,,,,,,,,o,,,o,o,,,,o,,,,,,,,,,,,,,,,,,,,,,,,,,,o,,,,,,,,,o,o,,,,,,,,,,,,,,,,,,,,,,,,,,,,,,,,,,,,,,,,,,,,,,,,,,,,,,,,,,,,,,,,,,,,,,,,,,,,,,,,,,,,,,,,,,,,o,o,o,,,,,o,o
nar:registration,N,1,N,N,N,Y,Y,N,N,,,,,,,,,,,,,,,,,,,,,,,,,,,,,,,,,,,,,,,,,,,,,,,,,,o,o,o,,o,,,,,,,,,,,,,,,,,,,,,,,,,,o,o,,,,o,,,,,,,,,,,,,,,,,,,,,,,,o,,,o,,,,,,,,,o,o,,,,,,,,,,,,,,,,,,,,,,,,,,,,,,o,,o,,,,,,,,,,,,,,,,,,,,,,,,,,,,,,,,,,,,,,,,,,,,,,,,,,,,,,,,,,,,o,o,,,,,,,
nar:related,Y,2,Y,Y,Y,Y,Y,Y,Y,,,,,,,,,,,,,,,,,,,,,,,,,,,,,,,,,,,,,,,,,,,,,,,,,,o,o,o,,o,,,,,,,,,,,,,,,,,,,,,,,,,,o,o,,,,o,,,,,,,,,,,,,,,,,o,,,,,,,,,,o,,,,,,,,,o,o,o,,,,,,o,,,,,,o,,o,,,,,,,,,,,,,,,,,,,,,,,,,,,,,,,,,,,,,,,,,,,,,,,,,,o,o,,o,,,,o,o,o,o,o,o,,,,,,,,,,,,,,,o,o,,,,,,,
nar:remoteContent,N,1,Y,N,N,N,N,N,N,,,,,,,,,,o,o,o,o,o,o,o,o,,,,,,,,,,,o,,,o,o,o,o,o,,,,,,,o,o,o,o,,,,,o,o,o,,,o,o,o,,,,,,,o,o,o,,,o,o,,,,o,,,o,o,o,o,o,o,,,o,,,,,,,,,,,,o,,o,o,o,,,,,,,,,,,o,o,,o,,,,o,,,,,,,,,,,,,,,,,,,o,,,o,,,,,o,o,o,o,,,,,,,,,,,,,,,,,,,,,o,,,,,,,,,,,,,,,,o,,,,,,,,o,o,,,,,o,,o,o,o,o,o,o,o,o,o,o,o,o,o,o,o,o,o,,o,,
nar:remoteContentExtProperty,N,1,Y,N,N,N,N,N,N,,,,,,,,,,,,,,,,,,,,,,,,,,,,,,,,,,,,,,,,,,,,,,,,,,o,o,o,,o,,,,,,,,,,,,,,,,,,,,,,,,,,o,o,,,,o,,,,,,,,,,,,,,,,,o,,,,,,,,,,o,,,,,,,,,o,o,o,,,,,,,,,,,,o,,o,,,,,,,,,,,,,,,,,,,,,,,,,,,,,,,,,,,,,,,,,,,,,,,,,,o,o,,o,,,,o,o,o,o,o,o,,,,,,,,,,,,,,,o,o,,,,,,,
nar:remoteInfo,Y,1,Y,Y,Y,Y,Y,Y,Y,,,,,,,,,,,,,,,,,,,,,,,,,,,,,,,,,,,,,,,,,,o,o,o,o,,,,,o,o,o,,o,,,,,,,,,,o,o,o,,,,,,,o,,,,,,,o,o,o,,o,o,,,,,,,,,,,,,,,,,,,,,,,,,,,o,,,,,,,o,,o,o,,,,,,,o,,,,,,o,,o,,,,,,,,,o,o,o,,,,,,,,,,,,,,,,,,,,,,o,,,,,,,,,,,,,,,,o,,,,,,,,o,o,,,,,o,,,,,,,,,,,,,,o,o,,,,,,,
nar:rightsExpressionData,Y,1,Y,Y,Y,Y,Y,Y,N,,,,,,,,,,,,,,,,,,,,,,,,,,,,,,,,,,,,,,,,,,,,,,,,,,o,o,o,,,,,,,,r,,,,,,,,,,,,,,,,,,,,o,o,,,,o,,,,,,,,,,,r,,,,,,,,,,,,,,,,o,,,,,,,,,o,o,,,,,,,,,,,,,,,,,,,,,,,,,,,,,,,,,,,,,,,,,,,,,,,,,,,,,,,,,,,,,,,,,,,,,,,,,,,,,,,,,,,,,,,,,,,,o,o,,,,,,,
nar:rightsExpressionXML,Y,1,Y,Y,Y,Y,Y,Y,N,,,,,,,,,,,,,,,,,,,,,,,,,,,,,,,,,,,,,,,,,,,,,,,,,,o,o,o,,,,,,,,,,,,,,,,,,,,,,,,,,,,o,o,,,,o,,,,,,,,,,,r,,,,,,,,,,,,,,,,o,,,,,,,,,o,o,,,,,,,,,,,,,,,,,,,,,,,,,,,,,,,,,,,,,,,,,,,,,,,,,,,,,,,,,,,,,,,,,,,,,,,,,,,,,,,,,,,,,,,,,,,,o,o,,,,,,,
nar:rightsInfo,Y,1,Y,Y,Y,Y,Y,Y,N,,,,,,,,o,o,,,,,,,,,,,,,,,,,,,,,,,,,,,,,,,,,,,,,,,,,o,o,o,,o,,,,,,,,,,,,,,,,,,,,,,,,,,o,o,,,,o,,,,o,,,,,,,,,,,,,,,,,,,,,,,o,,,,,,,,,o,o,,,,,,,,,,,,,,,,,,,,,,,,,,,,,,,,,,,,,,,,,o,o,,,,,,,,,,,,,,,,,,,,,,,,,,,,,,o,o,,,,,,,,,,,,,,,,,,,o,o,,,,,,,
nar:rightsInfoExtProperty,Y,1,Y,Y,Y,Y,Y,Y,N,,,,,,,,,,,,,,,,,,,,,,,,,,,,,,,,,,,,,,,,,,,,,,,,,,o,o,o,,o,,,,,,,,,,,,,,,,,,,,,,,,,,o,o,,,,o,,,,,,,,,,,,,,,,,o,,,,,,,,,,o,,,,,,,,,o,o,o,,,,,,,,,,,,o,,o,,,,,,,,,,,,,,,,,,,,,,,,,,,,,,,,,,,,,,,,,,,,,,,,,,o,o,,o,,,,o,o,o,o,o,o,,,,,,,,,,,,,,,o,o,,,,,,,
nar:role,Y,2,Y,Y,Y,Y,Y,Y,N,,,,,,,,,,,,,,,,,,,,,,,,,,,,,,,,,,,,,,,,,,,,,,,,,,o,o,o,,o,,,,,,,,,,,,,,,,,,,,,,,,,,o,o,,,,o,,,,,,,,,,,,,,,,,,,,,,,,,,,o,,,,,,,,,o,o,o,,,,,,,,,,,,,,,,,,,,,,,,,,,,,,,,,,,,,,,,,,,,,,,,,,,,,,,,,,,,,,,,,,,o,,,,,,,,,,,,,,,,,,,,,,,,o,o,,,,,,,
nar:rp,Y,1,Y,Y,Y,Y,Y,Y,Y,,,,,,,,,,,,,,,,,,,,,,,,,,,,,,,,,,,,,,,,,,,,,,,,,,,,,,,,,,,,,,,,,,,,,,,,,,,,,,,,,,,,,,,,,,,,,,,,,,,,,,,,,,,,,,,,,,,,,,,,,,,,,,,,,,,,,,,,,,,,,,,,,,,,,,,,,,,,,,,,,,,,,,,,,,,,,,,,,,,,,,,,,,,,,,,,,,,,,,,,,,,,,,,,,,,,,,,,,,,,,,
nar:rt,Y,1,Y,Y,Y,Y,Y,Y,Y,,,,,,,,,,,,,,,,,,,,,,,,,,,,,,,,,,,,,,,,,,,,,,,,,,,,,,,,,,,,,,,,,,,,,,,,,,,,,,,,,,,,,,,,,,,,,,,,,,,,,,,,,,,,,,,,,,,,,,,,,,,,,,,,,,,,,,,,,,,,,,,,,,,,,,,,,,,,,,,,,,,,,,,,,,,,,,,,,,,,,,,,,,,,,,,,,,,,,,,,,,,,,,,,,,,,,,,,,,,,,,
nar:ruby,Y,1,Y,Y,Y,Y,Y,Y,Y,,,,,,,,,,,,,,,,,,,,,,,,,,,,,,,,,,,,,,,,,,,,,,,,,,o,o,o,,o,,,,,,,,,,,,,,,,,,,,,,,,,,o,o,,,,o,,,,,,,,,,,,,,,,,,,,,,,,,,,o,,,,,,,,,o,o,,,,,,,,,,,,,,,,,,,,,,,,,,,,,,,,,,,,,,,,,,,,,,,,,,,,,,,,,,,,,,,,,,,,,,,,,,,,,,,,,,,,,,,,,,,,o,o,,,,,,,
nar:sameAs,Y,2,Y,Y,Y,Y,Y,Y,Y,,,,,,,,,,,,,,,,,,,,,,,,,,,,,,,,,,,,,,,,,,,,,,,,,,o,o,o,,o,,,,,,,,,,,,,,o,,,,,,,,,,,,o,o,,,,o,,,,,,,,,,,,,,,,,o,,,,,,,,,,o,,,,,,,,,o,o,o,,,,,,,,,,,,,,,,,,,,,,,,,,,,,,,,,,,,,,,,,,,,,,,,,,,,,,,,,,,,,,,,o,o,,o,,,,o,o,,,,,,,,,,,,,,,,,,,o,o,,,,,,,
nar:sameAsScheme,Y,1,Y,Y,Y,Y,Y,Y,Y,,,,,,,,,,,,,,,,,,,,,,,,,,,,,,,,,,,,,,,,,,,,,,,,,,o,o,o,,,,,,,,,,,,,,,,,,,,,,,,,,,,o,o,,,,o,,,,,,,,,,,,,,,,,,,,,,,,,,,o,,,,,,,,,o,o,,,,,,,,,,,,,,,,,,,,,,,,,,,,,,,,,,,,,,,,,,,,,,,,,,,,,,,,,,,,,,,,,,,,,,,,,,,,,,,,,,,,,,,,,,,,o,o,,,,,,,
nar:scheduled,N,2,N,N,Y,Y,Y,N,N,,,,,,o,o,,,,,,,,,,,,,,,,,,,,,,,,,,,,,,,,,,,,,,,,,,,o,o,o,,,,,,,,,,,,,,,,,,,,,,,,,,,,o,o,,,,o,,,,,,,,,,,,,,,,,,,,,,,,,,,o,,,,,,,,,o,o,,,,,,,,,,,,,,,,,,,,,,,,,,,,,,,,,,,,,,,,,,,,,,,,,,,,,,,,,,,,,,,,,,,,,,,,,,,,,,,,,,,,,,,,,,,,o,o,,,,,,,
nar:scheme,N,1,Y,Y,Y,Y,Y,Y,Y,,,,r,,,,,,,,,,,,,,o,,,,,,,,,,,,,,,,,,,,,,,,,,,,,,,,o,o,o,,,,,,,,,,,,,,,,,,,,,,,,,,,,o,o,,,,o,,,,,,,,,,,,,,,,,,,,,,,,,,,o,,,,,,,,,o,o,,,,,,,,,,,,,,,,,,,,,,,,,,,,,,,,,,,,,,o,o,o,,,,,,,,,,,,,,,,,,,,,,,,,,,,r,,,,,,,,,,,,,,,,,,,,,,,,o,o,,,,,,,
nar:schemeMeta,Y,1,N,N,N,N,Y,N,N,,,,,,,,,,,,,,,,,,o,,,,,,,,,,,,,,,,,,o,,,,,,,,,,,,,,o,o,o,,,,,,,,,,,,,,,,,,,,,,,,,,,,o,o,,,,o,,,,,,,,,,,,,,,,,,,,,,,,,,,o,,,,,,,,o,o,o,,,,,,,,,,,,,,,,,,,,,,,,,,,,,,,,,,,,,,o,o,o,,,,,,,,,,,,,,,,,,,,,,,,,,,,r,,,,,,,,,,,,,,,,,,,,,,,,o,o,,,,,,,
nar:schemeMetaExtProperty,N,1,N,N,N,N,Y,N,N,,,,,,,,,,,,,,,,,,,,,,,,,,,,,,,,,,,,,,,,,,,,,,,,,,o,o,o,,o,,,,,,,,,,,,,,,,,,,,,,,,,,o,o,,,,o,,,,,,,,,,,,,,,,,o,,,,,,,,,,o,,,,,,,,,o,o,o,,,,,,,,,,,,o,,o,,,,,,,,,,,,,,,,,,,,,,,,,,,,,,,,,,,,,,,,,,,,,,,,,,o,o,,o,,,,o,o,o,o,o,o,,,,,,,,,,,,,,,o,o,,,,,,,
nar:sender,N,1,N,N,N,N,N,N,Y,,,,,,,,,,,,,,,,,,,,,,,,,,,,,,,,,,,,,,,,,,,,,,,,,,o,o,o,,,,,,,,,,,,,,,,,,,,,,,,,,,,o,o,,,,o,,,,,,,,,,,,,,,,,o,,,,,,,,,,o,,,,,,,,,o,o,o,,,,,,,,,,,,,,,,,,,,,,,,,,,,,o,,o,,,,,,,,,,,,,,,,,,,,,,,,,,,,,,,,,o,o,,o,,,,,,,,,,,,,,,,,,,,,,,,o,o,,,,,,,
nar:sent,N,1,N,N,N,N,N,N,Y,,,,,,,,,,,,,,,,,,,,,,,,,,,,,,,,,,,,,,,,,,,,,,,,,,o,o,o,,,,,,,,,,,,,,,,,,,,,,,,,,,,o,o,,,,o,,,,,,,,,,,,,,,,,,,,,,,,,,,o,,,,,,,,,o,o,,,,,,,,,,,,,,,,,,,,,,,,,,,,,,,,,,,,,,,,,,,,,,,,,,,,,,,,,,,,,,,,,,,,,,,,,,,,,,,,,,,,,,,,,,,,o,o,,,,,,,
nar:service,Y,3,Y,Y,Y,Y,Y,Y,N,,,,,,,,,,,,,,,,,,,,,,,,,,,,,,,,,,,,,,,,,,,,,,,,,,o,o,o,,o,,,,,,,,,,,,,,,,,,,,,,,,,,o,o,,,,o,,,,,,,,,,,,,,,,,,,,,,,,,,,o,,,,,,,,,o,o,o,,,,,,,,,,,,,,,,,,,,,,,,,,,,,,,,,,,,,,,,,,,,,,,,,,,,,,,,,,,,,,,,,,,o,,,,,,,,,,,,,,,,,,,,,,,,o,o,,,,,,,
nar:signal,Y,1,Y,Y,Y,Y,Y,Y,Y,,,,,,,,,,,,,,,,,,,,,,,,,,,,,,,,,,,,,,,,,,,,,,,,,,o,o,o,,o,,,,,,,,,,,,,,,,,,,,,,,,,,o,o,,,,o,,,,,,,,,,,,,,,,,o,,,,,,,,,,o,,,,,,,,,o,o,o,,,,,,,,,,,,,,,,,,,,,,,,,,,,,,,,,,,,,,,,,,,,o,o,,,,,,,,,,,,,,,,,,,o,o,,o,,,,,,,,,,,,,,,,,,,,,,,,o,o,,,,,,,
nar:slugline,Y,1,Y,Y,Y,Y,Y,Y,N,,,,,,,,,,,,,,,,,,,,,,,,,,,,,,,,,,,,,o,,,,,,,,,,,,,o,o,o,,o,,,,,,,,,,,,,,,,,,,,,,,,,,o,o,,,,o,,,,,,,,,,,,,,,,,,,,,,,,,,,o,,,,,,,,,o,o,,,,,,,o,,,,,,,o,,,,,,,,,,,,,,,,o,,o,,,,,,,,,,,o,,,,,,,,,,,,,,,,,,,,,,,,,,,,,,,,,,,,,,,,,,,,,,,,,o,o,,,,,,,
nar:span,Y,1,Y,Y,Y,Y,Y,Y,Y,,,,,,,,,,,,,,,,,,,,,,,,,,,,,,o,,,,,,,,,,,,,,,,,,,,o,o,o,,o,,,,,,,,,,,,,,,,,,,,,,,,,,o,o,,,,o,,,,,,,,,,,,,,,,,,,,,,,,,,,o,,,,,,,,,o,o,,,,,,,,,,,,,,,,,,,,,,,,,,,,,,,,,,,,,,,,,,,,,,,,,,,,,,,,,,,,,,,,,,,,,,,,,,,,,,,,,,,,,,,,,,,,o,o,,,,,,,
nar:start,N,1,N,N,N,Y,Y,N,N,,,,,,o,o,,,,,,,,,,,,,,,,,,,,,,,,,,,,,,,o,o,,,,,,,,,,,o,o,o,,,,,,,,,,,,,,,,,,,,,,,,,,,,o,o,,,,o,,,,,,,,,,,,,,,,,,,,,,,,,,,o,,,,,,,,,o,o,,,,,,,,,,,,,,,,,,,,,,,,,,,,,,,,,,,,,,,,,,,,,,,,,,,,,,,,,,,,,,,,,,,,,,,,,,,,,,,,,,,,,,,,,,,,o,o,,,,,,,
nar:subject,Y,2,Y,Y,Y,Y,Y,Y,N,,,,,,,,,,,,,,,,,,,,,,,,,,,,,,,,,,,,,o,,,,,,,,,,,,,o,o,o,o,o,,,,,,,,,,,,,,,,,,,,,,,,,,o,o,,,,o,,,,,,,,,,,,,,,,,o,,,,,,,,,,o,,,,,,,,,o,o,o,,,,,,o,,,,,,,o,,,,,,,,,,,,,,,,,,,,,,,,,,,,,,,,,,,,,,,,,,,,,,,,,,,o,o,,o,,,,,,,,,,,,,,,,,,,,,,,,o,o,,,,,,,
nar:timeDelim,N,1,Y,Y,N,N,Y,N,N,,,,,,,,,,,,,,,,,,,,,,,,,,,,,,,,,,,,,,,,,,,,,,,,,,o,o,o,,,,,,,,,r,,,,,,,,,,,,,,,,,,,o,o,,,,o,,,,,,,,,,,,,,,,,,,,,,,,,,,o,,,,,,,,,o,o,,,,,,,,,,,,,,,,,o,o,,,,,,,,,,,,,,,,,,,,,,,,,,,,,,,,,,r,,,,,,,,,,o,o,,,,,,,,,,,,,,,,,,,,,,,,,,,,,o,o,,,,,,,
nar:timestamp,N,2,Y,Y,Y,Y,Y,Y,Y,,,,,,,,,,,,,,,,,,,,,,,,,,,,,,,,,,,,,,,,,,,,,,,,,,o,o,o,,,,,,,,,,,,,,,,,,,,,,,,,,,,o,o,,,,o,,,,,,,,,,,,,,,,,,,,,,,,,,,o,,,,,,,,,o,o,,,,,,,,,,,,,,,,,,,,,,,,,,,,,,o,,,,,,,,,,,,,,,,,,,,,,,,,,,,,,,,,,,,,,,,,,,,,,,,,,,,,,,,,,,,,,o,o,,,,,,,
nar:title,Y,1,Y,Y,Y,Y,Y,Y,Y,,,,,,,,,,,,,,,,,,,,,,,,,,,,,,,,,,,,,,,,,,,,,,,,,,o,o,o,,o,,,,,,,,,,,,,,,,,,,,,,,,,,o,o,,,,o,,,,,,,,,,,,,,,,,,,,,,,,o,,,o,,,,,,,,,o,o,,,,,,,,,,,,,,,,,,,,,,,,,,,,,,o,,o,,,,,,,,,,,,,,,,,,,,,,,,,,,,,,,,,,,,,,,,,,,,,,,,,,,,,,,,,,,,o,o,,,,,,,
nar:transmitId,N,1,N,N,N,N,N,N,Y,,,,,,,,,,,,,,,,,,,,,,,,,,,,,,,,,,,,,,,,,,,,,,,,,,o,o,o,,,,,,,,,,,,,,,,,,,,,,,,,,,,o,o,,,,o,,,,,,,,,,,,,,,,,,,,,,,,,,,o,,,,,,,,,o,o,,,,,,,,,,,,,,,,,,,,,,,,,,,,,,,,,,,,,,,,,,,,,,,,,,,,,,,,,,,,,,,,,,,,,,,,,,,,,,,,,,,,,,,,,,,,o,o,,,,,,,
nar:type,Y,1,N,N,N,Y,Y,N,N,,,,,,,,,,,,,,,,,,,,,,,,,,,,,,,,,,,,,,,,,,,,,,,,,,o,o,o,,o,,,,,,,,,,,,,,,,,,,,,,,,,,o,o,,,,o,,,,,,,,,,,,,,,,,,,,,,,,,,,o,,,,,,,,,o,o,o,,,,,,,,,,,,,,,,,,,,,,,,,,,,,,,,,,,,,,,,,,,,,,,,,,,,,,,,,,,,,,,,,,,o,,,,,,,,,,,,,,,,,,,,,,,,o,o,,,,,,,
nar:urgency,Y,1,Y,Y,Y,Y,Y,Y,N,,,,,,,,,,,,,,,,,,,,,,,,,,,,,,,,,,,,,,,,,,,,,,,,,,o,o,o,,,,,,,,,,,,,,,,,,,,,,,,,,,,o,o,,,,o,,,,,,,,,,,,,,,,,,,,,,,,,,,o,,,,,,,,,o,o,,,,,,,,,,,,,,,,,,,,,,,,,,,,,,,,,,,,,,,,,,,,,,,,,,,,,,,,,,,,,,,,,,,,,,,,,,,,,,,,,,,,,,,,,,,,o,o,,,,,,,
nar:usageTerms,Y,1,Y,Y,Y,Y,Y,Y,N,,,,,,,,,,,,,,,,,,,,,,,,,,,,,,,,,,,,,,,,,,,,,,,,,,o,o,o,,o,,,,,,,,,,,,,,,,,,,,,,,,,,o,o,o,,,o,,,,,,,,,,,,,,,,,,,,,,,,o,,,o,,,,,,,,,o,o,,,,,,,,,,,,,,,,,,,,,,,,,,,,,,o,,o,,,,,,,,,,,,,,,,,,,,,,,,,,,,,,,,,,,,,,,,,,,,,,,,,,,,,,,,,,,,o,o,,,,,,,
nar:userInteraction,Y,1,Y,Y,Y,Y,Y,Y,N,,,,,,,,,,,,,,,,,,,,,,,,,,,,,,,,,,,,,,,,,,,,,,,,,,o,o,o,,,,,,,,,,,,,,,,,,,,,,,,,,,,o,o,,,,o,,,,,r,o,o,,,,,,,,,,,,,,,,,,,,o,,,,,,,,,o,o,,,,,,,,,,,,,,,,,,,,,,,,,,,,,,,,,,,,,,,,,,,,,,,,,,,,,,,,,,,,,,,,,,,,,,,,,,,,,,,,,,,,,,,,,,,,o,o,,,,,,,
nar:versionCreated,Y,1,Y,Y,Y,Y,Y,Y,N,,,,,,,,,,,,,,,,,,,,,,,,,,,,,,,,,,,,,,,,,,,,,,,,,,o,o,o,,,,,,,,,,,,,,,,,,,,,,,,,,,,o,o,,,,o,,,,,,,,,,,,,,,,,,,,,,,,,,,o,,,,,,,,,o,o,,,,,,,,,,,,,,,,,,,,,,,,,,,,,,,,,,,,,,,,,,,,,,,,,,,,,,,,,,,,,,,,,,,,,,,,,,,,,,,,,,,,,,,,,,,,o,o,,,,,,,
nar:web,N,1,Y,Y,Y,Y,Y,Y,N,,,,,,,,,,,,,,,,,,,,,,,,,,,,,,,,,,,,,,,,,,,,,,,,,,o,o,o,,,,,,,,,,,,,,,,,,,,,,,,,,,,o,o,,,,o,,,,,,,,,,,,,,,,,,,,,,,,,,,o,,,,,,,,,o,o,,,,,,,,,,,,,,,,,,,,,,,,,,,,,,o,,o,,,,,,,,,,,,,,,,,,,,,,,,,,,,,,,,,,,,,,,,,,,,,,,,,,,,,,,,,,,,o,o,,,,,,,
nar:worldRegion,N,1,Y,Y,Y,Y,Y,Y,N,,,,,,,,,,,,,,,,,,,,,,,,,,,,,,,,,,,,,,,,,,,,,,,,,,o,o,o,,o,,,,,,,,,,,,,,,,,,,,,,,,,,o,o,,,,o,,,,,,,,,,,,,,,,,o,,,,,,,,,,o,,,,,,,,,o,o,o,,,,,,,,,,,,,,,,,,,,,,,,,,,,,,,,,,,,,,,,,,,,,,,,,,,,,,,,,,,,,,,,o,o,,o,,,,,,,,,,,,,,,,,,,,,,,,o,o,,,,,,,
