order,element,category,colour
0,newsItem,root elements,#CCFFCC
1,packageItem,root elements,#CCFFCC
2,planningItem,root elements,#CCFFCC
3,conceptItem,root elements,#CCFFCC
4,knowledgeItem,root elements,#CCFFCC
5,catalogItem,root elements,#CCFFCC
6,newsMessage,root elements,#CCFFCC
7,catalogRef,root elements,#CCFFCC
8,catalog,root elements,#CCFFCC
9,scheme,root elements,#CCFFCC
10,sameAsScheme,root elements,#CCFFCC
11,sameAs,deprecated,#C0C0C0
12,hopHistory,root elements,#CCFFCC
13,hop,root elements,#CCFFCC
14,party,root elements,#CCFFCC
15,action,root elements,#CCFFCC
16,pubHistory,root elements,#CCFFCC
17,published,root elements,#CCFFCC
18,timestamp,root elements,#CCFFCC
19,publishedExtProperty,root elements,#CCFFCC
20,rightsInfo,rights expressions,#FFCC00
21,accountable,rights expressions,#FFCC00
22,copyrightHolder,rights expressions,#FFCC00
23,copyrightNotice,rights expressions,#FFCC00
24,rightsExpressionData,rights expressions,#FFCC00
25,rightsExpressionXML,rights expressions,#FFCC00
26,usageTerms,rights expressions,#FFCC00
27,rightsInfoExtProperty,rights expressions,#FFCC00
28,dataMining,rights expressions,#FFCC00
29,itemMeta,item management,#FFCC99
30,itemClass,item management,#FFCC99
31,provider,item management,#FFCC99
32,versionCreated,item management,#FFCC99
33,firstCreated,item management,#FFCC99
34,embargoed,item management,#FFCC99
35,pubStatus,item management,#FFCC99
36,role,item management,#FFCC99
37,fileName,item management,#FFCC99
38,generator,item management,#FFCC99
39,profile,item management,#FFCC99
40,service,item management,#FFCC99
41,title,item management,#FFCC99
42,edNote,item management,#FFCC99
43,memberOf,item management,#FFCC99
44,instanceOf,item management,#FFCC99
45,signal,item management,#FFCC99
46,altRep,item management,#FFCC99
47,deliverableOf,item management,#FFCC99
48,hash,item management,#FFCC99
49,expires,item management,#FFCC99
50,origRep,item management,#FFCC99
51,incomingFeedId,item management,#FFCC99
52,link,item management,#FFCC99
53,itemMetaExtProperty,item management,#FFCC99
54,metadataCreator,item management,#FFCC99
55,contentMeta,content metadata,#FFFF99
56,icon,content metadata,#FFFF99
57,urgency,content metadata,#FFFF99
58,contentCreated,content metadata,#FFFF99
59,contentModified,content metadata,#FFFF99
60,located,content metadata,#FFFF99
61,infoSource,content metadata,#FFFF99
62,creator,content metadata,#FFFF99
63,contributor,content metadata,#FFFF99
64,audience,content metadata,#FFFF99
65,exclAudience,content metadata,#FFFF99
66,altId,content metadata,#FFFF99
67,rating,content metadata,#FFFF99
68,userInteraction,content metadata,#FFFF99
69,language,content metadata,#FFFF99
70,genre,content metadata,#FFFF99
71,keyword,content metadata,#FFFF99
72,subject,content metadata,#FFFF99
73,bag,content metadata,#FFFF99
74,bit,content metadata,#FFFF99
75,mainConcept,content metadata,#FFFF99
76,facetConcept,content metadata,#FFFF99
77,slugline,content metadata,#FFFF99
78,headline,content metadata,#FFFF99
79,dateline,content metadata,#FFFF99
80,by,content metadata,#FFFF99
81,creditline,content metadata,#FFFF99
82,description,content metadata,#FFFF99
83,contentMetaExtProperty,content metadata,#FFFF99
84,partMeta,content metadata,#FFFF99
85,regionDelim,content metadata,#FFFF99
86,timeDelim,content metadata,#FFFF99
87,partMetaExtProperty,content metadata,#FFFF99
88,digitalSourceType,content metadata,#FFFF99
89,assert,root elements,#CCFFCC
90,inlineRef,root elements,#CCFFCC
91,derivedFrom,root elements,#CCFFCC
92,derivedFromValue,root elements,#CCFFCC
93,a,text markup,#99CC00
94,span,text markup,#99CC00
95,ruby,text markup,#99CC00
96,rb,text markup,#99CC00
97,rt,text markup,#99CC00
98,rp,text markup,#99CC00
99,br,text markup,#99CC00
100,inline,text markup,#99CC00
101,contentSet,content structure,#99CCFF
102,inlineXML,content structure,#99CCFF
103,event,content structure,#99CCFF
104,events,content structure,#99CCFF
105,inlineData,content structure,#99CCFF
106,remoteContent,content structure,#99CCFF
107,channel,content structure,#99CCFF
108,altLoc,content structure,#99CCFF
109,remoteContentExtProperty,content structure,#99CCFF
110,groupSet,content structure,#99CCFF
111,group,content structure,#99CCFF
112,groupRef,content structure,#99CCFF
113,itemRef,content structure,#99CCFF
114,conceptRef,content structure,#99CCFF
115,groupExtProperty,content structure,#99CCFF
116,conceptSet,content structure,#99CCFF
117,schemeMeta,content structure,#99CCFF
118,schemeMetaExtProperty,content structure,#99CCFF
119,newsCoverageSet,content structure,#99CCFF
120,concept,concept details,#FF99CC
121,conceptId,concept details,#FF99CC
122,type,concept details,#FF99CC
123,name,concept details,#FF99CC
124,definition,concept details,#FF99CC
125,note,concept details,#FF99CC
126,facet,deprecated,#C0C0C0
127,remoteInfo,concept details,#FF99CC
128,hierarchyInfo,concept details,#FF99CC
129,broader,concept details,#FF99CC
130,narrower,concept details,#FF99CC
131,related,concept details,#FF99CC
132,conceptExtProperty,concept details,#FF99CC
133,personDetails,concept details,#FF99CC
134,born,concept details,#FF99CC
135,died,concept details,#FF99CC
136,affiliation,concept details,#FF99CC
137,contactInfo,concept details,#FF99CC
138,email,concept details,#FF99CC
139,im,concept details,#FF99CC
140,phone,concept details,#FF99CC
141,fax,concept details,#FF99CC
142,web,concept details,#FF99CC
143,address,concept details,#FF99CC
144,line,concept details,#FF99CC
145,locality,concept details,#FF99CC
146,area,concept details,#FF99CC
147,country,concept details,#FF99CC
148,postalCode,concept details,#FF99CC
149,worldRegion,concept details,#FF99CC
150,organisationDetails,concept details,#FF99CC
151,founded,concept details,#FF99CC
152,dissolved,concept details,#FF99CC
153,location,concept details,#FF99CC
154,hasInstrument,concept details,#FF99CC
155,geoAreaDetails,concept details,#FF99CC
156,circle,concept details,#FF99CC
157,polygon,concept details,#FF99CC
158,position,concept details,#FF99CC
159,POIDetails,concept details,#FF99CC
160,openHours,concept details,#FF99CC
161,capacity,concept details,#FF99CC
162,access,concept details,#FF99CC
163,details,concept details,#FF99CC
164,created,concept details,#FF99CC
165,ceasedToExist,concept details,#FF99CC
166,objectDetails,concept details,#FF99CC
167,eventDetails,event details,#FF8080
168,dates,event details,#FF8080
169,start,event details,#FF8080
170,end,event details,#FF8080
171,duration,event details,#FF8080
172,rDate,event details,#FF8080
173,rRule,event details,#FF8080
174,exDate,event details,#FF8080
175,exRule,event details,#FF8080
176,confirmation,deprecated,#C0C0C0
177,occurStatus,event details,#FF8080
178,newsCoverageStatus,event details,#FF8080
179,registration,event details,#FF8080
180,accessStatus,event details,#FF8080
181,participationRequirement,event details,#FF8080
182,participant,event details,#FF8080
183,organiser,event details,#FF8080
184,eventStatus,event details,#FF8080
185,newsCoverage,news coverage,#33CCCC
186,planning,news coverage,#33CCCC
187,planningExtProperty,news coverage,#33CCCC
188,g2contentType,news coverage,#33CCCC
189,itemCount,news coverage,#33CCCC
190,assignedTo,news coverage,#33CCCC
191,scheduled,news coverage,#33CCCC
192,newsContentCharacteristics,news coverage,#33CCCC
193,delivery,news coverage,#33CCCC
194,deliveredItemRef,news coverage,#33CCCC
195,newsCoverageExtProperty,news coverage,#33CCCC
196,catalogContainer,catalogItem content,#00FF00
197,header,news message,#CCCCFF
198,sent,news message,#CCCCFF
199,sender,news message,#CCCCFF
200,transmitId,news message,#CCCCFF
201,priority,news message,#CCCCFF
202,origin,news message,#CCCCFF
203,destination,news message,#CCCCFF
204,headerExtProperty,news message,#CCCCFF
205,itemSet,news message,#CCCCFF
